日期,城市,温度,湿度,风速,气压,是否下雨,降雨量
2024-01-01,北京,-3.2,48.3,2.8,1016.5,0,0.0
2024-01-01,上海,-1.5,46.1,4.3,1015.7,0,0.0
2024-01-01,广州,8.0,86.6,4.0,1013.6,1,13.6
2024-01-01,成都,2.0,83.1,3.1,1012.5,0,0.0
2024-01-01,哈尔滨,-11.6,51.4,5.1,1023.4,0,0.0
2024-01-02,北京,-1.5,52.5,4.2,1007.4,0,0.0
2024-01-02,上海,0.9,52.7,4.4,1012.2,0,0.0
2024-01-02,广州,9.3,62.8,4.3,1008.0,0,0.0
2024-01-02,成都,3.4,72.0,2.9,1015.0,1,2.5
2024-01-02,哈尔滨,-11.4,74.0,2.0,1016.6,1,6.7
2024-01-03,北京,1.4,44.4,2.3,1011.1,0,0.0
2024-01-03,上海,2.9,73.4,5.1,1012.5,0,0.0
2024-01-03,广州,5.1,57.4,3.2,1009.4,1,7.9
2024-01-03,成都,1.2,76.8,5.9,1009.4,1,16.4
2024-01-03,哈尔滨,-15.9,73.5,1.9,1014.0,1,14.0
2024-01-04,北京,-2.9,63.2,4.2,1010.0,1,24.9
2024-01-04,上海,0.1,64.7,3.7,1013.7,0,0.0
2024-01-04,广州,8.3,64.9,4.4,1014.9,0,0.0
2024-01-04,成都,-6.4,65.2,3.1,1012.4,0,0.0
2024-01-04,哈尔滨,-12.1,48.7,2.8,1020.1,0,0.0
2024-01-05,北京,-5.5,54.4,5.9,1010.1,0,0.0
2024-01-05,上海,-0.4,65.0,5.6,1007.7,1,16.0
2024-01-05,广州,6.2,71.4,3.1,1006.8,0,0.0
2024-01-05,成都,1.4,69.9,2.9,1013.9,0,0.0
2024-01-05,哈尔滨,-6.4,47.0,2.8,1014.6,0,0.0
2024-01-06,北京,-1.2,48.6,2.4,1013.2,0,0.0
2024-01-06,上海,1.7,59.8,1.1,1014.0,0,0.0
2024-01-06,广州,9.8,67.5,3.4,1019.0,0,0.0
2024-01-06,成都,2.4,78.2,5.2,1012.8,1,12.9
2024-01-06,哈尔滨,-8.9,64.9,1.9,1018.7,1,5.5
2024-01-07,北京,1.5,56.1,3.4,1023.8,0,0.0
2024-01-07,上海,3.7,68.2,2.5,1010.0,1,23.4
2024-01-07,广州,4.6,70.1,3.6,1004.1,1,2.4
2024-01-07,成都,-1.2,74.4,0.6,1014.7,0,0.0
2024-01-07,哈尔滨,-9.0,59.5,1.9,1015.6,0,0.0
2024-01-08,北京,-2.2,56.5,1.5,1014.7,0,0.0
2024-01-08,上海,1.7,87.7,0.2,1016.5,1,1.3
2024-01-08,广州,13.4,74.9,6.4,1010.8,0,0.0
2024-01-08,成都,3.5,80.0,3.3,1017.9,1,9.5
2024-01-08,哈尔滨,-7.9,59.3,3.4,1007.6,0,0.0
2024-01-09,北京,7.3,41.3,0.8,1010.3,0,0.0
2024-01-09,上海,-0.5,90.2,1.4,1010.0,1,1.4
2024-01-09,广州,4.8,69.0,3.5,1010.7,0,0.0
2024-01-09,成都,3.5,73.1,1.1,1008.8,1,3.0
2024-01-09,哈尔滨,-8.4,55.2,1.3,1009.1,0,0.0
2024-01-10,北京,-5.3,43.9,3.9,1011.7,0,0.0
2024-01-10,上海,2.1,75.0,2.4,1009.3,1,18.8
2024-01-10,广州,10.9,79.9,8.0,1012.8,1,5.3
2024-01-10,成都,1.2,93.2,5.3,1006.0,1,3.9
2024-01-10,哈尔滨,-7.7,46.5,0.4,1003.5,0,0.0
2024-01-11,北京,3.5,50.9,2.3,1020.0,0,0.0
2024-01-11,上海,3.0,68.7,4.5,1017.0,1,15.1
2024-01-11,广州,7.6,68.4,2.2,1010.1,0,0.0
2024-01-11,成都,6.8,59.2,4.3,1015.9,0,0.0
2024-01-11,哈尔滨,-4.9,60.4,2.2,1010.0,0,0.0
2024-01-12,北京,-4.9,46.6,3.6,1013.1,0,0.0
2024-01-12,上海,5.2,57.9,4.0,1007.3,1,3.2
2024-01-12,广州,5.8,95.0,3.9,1003.5,1,5.3
2024-01-12,成都,2.1,74.7,3.6,1002.8,1,15.5
2024-01-12,哈尔滨,-6.0,79.0,5.7,1002.7,0,0.0
2024-01-13,北京,-1.3,48.5,2.9,1008.5,0,0.0
2024-01-13,上海,4.1,46.1,3.4,1009.3,0,0.0
2024-01-13,广州,12.9,87.7,3.7,1010.2,0,0.0
2024-01-13,成都,-0.3,72.1,3.3,1009.6,1,4.8
2024-01-13,哈尔滨,-12.6,77.6,4.2,1012.2,0,0.0
2024-01-14,北京,-8.5,66.6,0.5,1010.3,1,24.3
2024-01-14,上海,5.6,88.1,2.9,1015.4,1,18.2
2024-01-14,广州,6.7,87.6,1.5,1012.6,1,6.4
2024-01-14,成都,2.2,69.4,4.7,1010.2,0,0.0
2024-01-14,哈尔滨,-9.9,45.1,2.6,1014.4,0,0.0
2024-01-15,北京,-2.9,57.6,4.4,1006.5,0,0.0
2024-01-15,上海,1.3,74.5,2.0,1015.4,1,10.5
2024-01-15,广州,12.6,69.5,4.7,1009.0,1,13.7
2024-01-15,成都,4.9,70.0,1.2,1015.8,0,0.0
2024-01-15,哈尔滨,-12.8,62.4,3.4,1018.5,0,0.0
2024-01-16,北京,-1.0,44.2,4.6,1016.1,0,0.0
2024-01-16,上海,-0.3,80.9,3.0,1005.5,1,5.0
2024-01-16,广州,10.7,76.1,0.1,1014.5,1,10.4
2024-01-16,成都,1.2,65.2,2.4,1007.5,1,16.4
2024-01-16,哈尔滨,-4.5,60.6,3.1,1010.6,0,0.0
2024-01-17,北京,2.0,72.5,2.5,1012.8,1,21.2
2024-01-17,上海,-2.6,69.9,0.8,1000.1,0,0.0
2024-01-17,广州,14.6,68.5,1.2,1007.8,0,0.0
2024-01-17,成都,4.5,59.0,5.0,1008.0,0,0.0
2024-01-17,哈尔滨,-9.5,67.5,1.3,1006.5,0,0.0
2024-01-18,北京,-2.9,44.3,4.1,1014.9,0,0.0
2024-01-18,上海,1.2,76.3,3.7,1015.8,0,0.0
2024-01-18,广州,8.4,71.5,1.4,1016.4,1,5.2
2024-01-18,成都,-3.0,80.4,1.0,1009.1,0,0.0
2024-01-18,哈尔滨,-9.0,50.3,4.4,1013.2,0,0.0
2024-01-19,北京,3.4,30.3,0.8,1017.0,0,0.0
2024-01-19,上海,1.2,60.7,3.3,1018.3,1,8.4
2024-01-19,广州,7.5,65.8,3.9,1017.8,1,15.6
2024-01-19,成都,5.8,71.7,2.7,1012.5,0,0.0
2024-01-19,哈尔滨,-6.9,68.4,4.4,1014.5,1,8.2
2024-01-20,北京,-0.8,40.3,3.0,1003.6,0,0.0
2024-01-20,上海,3.5,66.0,3.3,1007.7,0,0.0
2024-01-20,广州,5.9,60.9,1.5,1006.2,0,0.0
2024-01-20,成都,3.2,71.9,3.4,1015.1,0,0.0
2024-01-20,哈尔滨,-10.9,57.3,2.2,1004.9,0,0.0
2024-01-21,北京,-4.8,39.6,5.1,1019.1,0,0.0
2024-01-21,上海,3.7,66.4,2.1,1020.0,0,0.0
2024-01-21,广州,5.3,84.6,5.0,1016.5,1,2.5
2024-01-21,成都,3.9,50.7,2.4,1011.5,0,0.0
2024-01-21,哈尔滨,-8.3,51.0,1.7,1015.1,0,0.0
2024-01-22,北京,-3.9,66.4,3.3,1010.9,0,0.0
2024-01-22,上海,-0.5,50.9,2.6,1007.8,0,0.0
2024-01-22,广州,11.6,73.3,3.7,1007.2,0,0.0
2024-01-22,成都,-1.2,76.4,2.7,1022.7,0,0.0
2024-01-22,哈尔滨,-3.4,70.7,3.1,1018.6,0,0.0
2024-01-23,北京,-1.1,51.7,3.6,1010.4,0,0.0
2024-01-23,上海,4.2,56.3,4.7,1007.7,0,0.0
2024-01-23,广州,16.7,76.6,5.1,1017.1,1,19.0
2024-01-23,成都,1.8,56.6,0.3,1013.5,1,5.5
2024-01-23,哈尔滨,-9.5,52.0,1.5,1010.2,0,0.0
2024-01-24,北京,-4.9,57.5,1.9,1019.8,0,0.0
2024-01-24,上海,3.5,70.1,3.3,1015.4,0,0.0
2024-01-24,广州,9.7,68.6,3.4,1018.6,0,0.0
2024-01-24,成都,7.2,68.2,2.9,1015.3,1,5.7
2024-01-24,哈尔滨,-8.3,61.5,1.8,1012.1,0,0.0
2024-01-25,北京,-4.7,44.9,5.1,1020.2,0,0.0
2024-01-25,上海,6.4,55.6,1.4,1014.0,0,0.0
2024-01-25,广州,16.4,82.5,0.2,1014.3,1,1.9
2024-01-25,成都,3.0,67.6,4.1,1018.2,1,24.8
2024-01-25,哈尔滨,-4.6,71.5,0.9,1007.5,1,13.1
2024-01-26,北京,-3.3,53.3,5.9,1001.3,0,0.0
2024-01-26,上海,0.8,55.5,2.8,1000.9,0,0.0
2024-01-26,广州,10.9,89.3,3.5,1015.6,1,0.1
2024-01-26,成都,-0.0,74.1,2.7,1016.5,0,0.0
2024-01-26,哈尔滨,-9.1,49.5,1.7,1002.5,0,0.0
2024-01-27,北京,-3.1,39.6,4.4,1010.9,0,0.0
2024-01-27,上海,0.0,47.5,3.3,1011.3,0,0.0
2024-01-27,广州,8.2,90.5,1.9,1011.3,1,17.2
2024-01-27,成都,1.8,47.3,1.2,1013.0,0,0.0
2024-01-27,哈尔滨,-4.9,62.6,2.5,1016.4,1,24.0
2024-01-28,北京,2.2,38.8,8.6,1007.0,0,0.0
2024-01-28,上海,4.0,67.8,3.1,1007.4,0,0.0
2024-01-28,广州,11.8,71.8,1.2,1009.4,0,0.0
2024-01-28,成都,6.5,75.0,1.9,1019.4,0,0.0
2024-01-28,哈尔滨,-10.1,73.5,2.1,1024.7,0,0.0
2024-01-29,北京,-2.8,46.6,2.5,1017.1,0,0.0
2024-01-29,上海,1.3,71.8,5.2,1012.5,0,0.0
2024-01-29,广州,8.6,78.3,1.4,1019.4,0,0.0
2024-01-29,成都,4.4,63.3,0.3,1009.5,0,0.0
2024-01-29,哈尔滨,-8.2,55.2,5.0,1011.8,0,0.0
2024-01-30,北京,2.5,60.6,2.4,1012.3,0,0.0
2024-01-30,上海,7.3,59.2,5.1,1019.4,0,0.0
2024-01-30,广州,9.7,63.3,2.6,1022.4,0,0.0
2024-01-30,成都,4.6,82.6,0.5,1020.5,1,22.0
2024-01-30,哈尔滨,-6.0,53.9,3.4,1008.0,0,0.0
2024-01-31,北京,-4.9,49.1,2.7,1017.1,0,0.0
2024-01-31,上海,8.1,64.9,4.1,1018.0,0,0.0
2024-01-31,广州,7.1,71.0,1.7,1014.2,1,17.4
2024-01-31,成都,2.7,66.8,3.1,1011.5,0,0.0
2024-01-31,哈尔滨,-8.9,42.5,1.3,1017.8,0,0.0
2024-02-01,北京,4.3,48.6,4.7,1014.4,0,0.0
2024-02-01,上海,9.0,50.1,1.3,1015.2,0,0.0
2024-02-01,广州,10.3,64.9,2.5,1010.6,0,0.0
2024-02-01,成都,7.5,68.3,2.2,1006.2,0,0.0
2024-02-01,哈尔滨,-3.6,44.1,2.0,1016.0,0,0.0
2024-02-02,北京,1.3,29.7,3.6,1013.4,0,0.0
2024-02-02,上海,14.1,48.5,3.0,1007.7,0,0.0
2024-02-02,广州,6.9,59.9,0.8,1015.7,0,0.0
2024-02-02,成都,10.1,75.1,2.6,1017.7,1,13.3
2024-02-02,哈尔滨,-11.9,52.9,3.3,1014.8,0,0.0
2024-02-03,北京,-0.5,44.9,3.7,1011.6,0,0.0
2024-02-03,上海,5.1,72.7,5.7,1013.5,0,0.0
2024-02-03,广州,10.4,69.7,1.7,1014.6,0,0.0
2024-02-03,成都,3.1,61.9,3.0,1022.7,1,9.6
2024-02-03,哈尔滨,-9.1,60.8,1.2,1010.1,0,0.0
2024-02-04,北京,-1.0,76.5,2.3,1009.6,0,0.0
2024-02-04,上海,3.4,49.8,5.0,1015.1,0,0.0
2024-02-04,广州,13.4,70.3,3.6,1006.5,1,15.9
2024-02-04,成都,2.1,59.6,2.6,1005.8,0,0.0
2024-02-04,哈尔滨,-11.2,44.4,2.2,1009.6,0,0.0
2024-02-05,北京,-2.8,42.2,4.1,1015.2,0,0.0
2024-02-05,上海,6.2,69.8,0.9,1009.7,0,0.0
2024-02-05,广州,16.3,65.3,2.9,1022.3,0,0.0
2024-02-05,成都,7.2,54.5,2.6,1015.1,0,0.0
2024-02-05,哈尔滨,-1.5,80.2,4.5,1006.8,0,0.0
2024-02-06,北京,7.0,46.3,1.2,1019.6,0,0.0
2024-02-06,上海,2.5,62.5,2.0,1006.4,0,0.0
2024-02-06,广州,14.8,53.7,3.9,1015.3,1,22.1
2024-02-06,成都,-0.5,61.6,3.1,1014.8,0,0.0
2024-02-06,哈尔滨,-4.2,55.4,2.3,1014.5,0,0.0
2024-02-07,北京,0.7,61.0,5.6,1019.0,1,11.3
2024-02-07,上海,3.5,50.5,4.5,1011.3,0,0.0
2024-02-07,广州,13.6,83.5,4.4,1016.4,1,23.8
2024-02-07,成都,8.7,72.0,0.4,1017.3,0,0.0
2024-02-07,哈尔滨,-2.4,68.9,1.0,1009.2,1,10.0
2024-02-08,北京,2.6,54.7,4.0,1008.5,0,0.0
2024-02-08,上海,3.5,54.5,5.6,1014.2,0,0.0
2024-02-08,广州,14.8,84.2,5.3,1016.6,1,5.4
2024-02-08,成都,7.9,63.5,4.9,1021.6,1,21.5
2024-02-08,哈尔滨,-5.0,64.2,3.0,1016.1,0,0.0
2024-02-09,北京,2.8,50.3,3.3,1009.4,0,0.0
2024-02-09,上海,6.7,67.9,2.9,1006.9,0,0.0
2024-02-09,广州,7.1,77.6,2.3,1012.8,1,23.6
2024-02-09,成都,11.3,74.7,4.2,1008.5,1,24.1
2024-02-09,哈尔滨,-2.6,64.3,1.1,1017.4,0,0.0
2024-02-10,北京,3.5,47.9,4.8,1016.3,0,0.0
2024-02-10,上海,5.8,79.0,1.7,1011.7,0,0.0
2024-02-10,广州,9.2,72.9,2.5,1011.6,0,0.0
2024-02-10,成都,9.1,58.4,3.3,1005.1,0,0.0
2024-02-10,哈尔滨,-7.6,62.2,2.1,1017.7,0,0.0
2024-02-11,北京,5.3,55.9,2.3,1008.8,0,0.0
2024-02-11,上海,7.7,63.3,3.3,1011.1,1,18.5
2024-02-11,广州,14.1,63.2,1.4,1009.7,0,0.0
2024-02-11,成都,8.7,76.5,1.7,1005.8,0,0.0
2024-02-11,哈尔滨,-6.8,34.1,1.9,1010.3,0,0.0
2024-02-12,北京,3.9,64.2,3.1,1015.4,0,0.0
2024-02-12,上海,3.4,77.5,0.6,1008.9,0,0.0
2024-02-12,广州,18.3,72.1,1.4,1008.3,1,23.2
2024-02-12,成都,8.0,63.1,4.0,1020.1,0,0.0
2024-02-12,哈尔滨,-5.3,60.9,4.3,1008.3,0,0.0
2024-02-13,北京,5.7,61.0,5.4,1014.6,1,10.5
2024-02-13,上海,5.5,73.1,2.5,1004.5,0,0.0
2024-02-13,广州,13.9,76.7,4.1,1018.8,0,0.0
2024-02-13,成都,6.5,84.6,1.4,1013.5,1,18.9
2024-02-13,哈尔滨,-2.5,67.0,2.5,1020.4,0,0.0
2024-02-14,北京,2.8,47.4,1.4,1017.1,0,0.0
2024-02-14,上海,6.6,71.5,3.7,1015.9,1,0.2
2024-02-14,广州,13.3,68.8,1.3,1018.3,0,0.0
2024-02-14,成都,10.0,54.3,5.7,1017.4,1,0.5
2024-02-14,哈尔滨,0.5,50.5,1.3,1010.0,0,0.0
2024-02-15,北京,2.2,52.4,4.3,1013.6,0,0.0
2024-02-15,上海,3.3,52.2,3.6,1012.0,0,0.0
2024-02-15,广州,13.7,88.3,1.5,1012.2,1,8.5
2024-02-15,成都,6.6,75.3,2.3,1012.8,0,0.0
2024-02-15,哈尔滨,-2.2,54.8,2.6,1003.8,0,0.0
2024-02-16,北京,3.9,55.6,3.7,1019.4,0,0.0
2024-02-16,上海,6.7,59.8,3.3,1007.2,0,0.0
2024-02-16,广州,13.9,64.1,4.7,1010.0,0,0.0
2024-02-16,成都,3.5,55.9,2.4,1010.9,1,11.1
2024-02-16,哈尔滨,-5.1,67.6,4.7,1015.1,1,11.3
2024-02-17,北京,9.2,56.6,5.7,1017.6,0,0.0
2024-02-17,上海,5.3,57.1,1.1,1014.5,0,0.0
2024-02-17,广州,16.5,68.3,3.8,1006.2,1,11.9
2024-02-17,成都,8.6,72.9,5.6,1019.5,1,17.9
2024-02-17,哈尔滨,-5.9,59.8,3.0,1018.4,0,0.0
2024-02-18,北京,2.4,49.2,2.1,1015.9,0,0.0
2024-02-18,上海,6.0,76.5,3.5,1006.0,1,2.4
2024-02-18,广州,13.1,67.6,2.6,1005.8,0,0.0
2024-02-18,成都,10.0,63.6,2.3,1011.6,0,0.0
2024-02-18,哈尔滨,0.7,56.9,1.4,1017.2,0,0.0
2024-02-19,北京,3.3,59.0,3.7,1004.2,0,0.0
2024-02-19,上海,10.7,50.6,2.3,1007.4,0,0.0
2024-02-19,广州,11.8,79.4,2.4,1015.4,1,23.7
2024-02-19,成都,6.2,70.6,3.4,1014.5,0,0.0
2024-02-19,哈尔滨,0.5,70.2,4.6,1004.1,1,8.4
2024-02-20,北京,4.8,44.7,2.4,1015.1,0,0.0
2024-02-20,上海,9.3,47.0,3.8,1017.6,0,0.0
2024-02-20,广州,13.6,68.4,1.8,1014.4,0,0.0
2024-02-20,成都,5.1,73.9,2.0,1021.5,1,20.9
2024-02-20,哈尔滨,-8.3,77.9,4.7,1012.5,1,9.5
2024-02-21,北京,-2.9,45.5,4.1,1004.8,0,0.0
2024-02-21,上海,8.8,79.3,4.3,1008.5,1,21.1
2024-02-21,广州,16.3,68.4,3.1,1009.0,0,0.0
2024-02-21,成都,10.8,78.6,4.0,1011.8,1,8.7
2024-02-21,哈尔滨,-2.2,60.6,1.9,1013.0,0,0.0
2024-02-22,北京,4.5,51.7,5.6,1009.0,0,0.0
2024-02-22,上海,9.5,59.7,2.4,1022.2,0,0.0
2024-02-22,广州,18.1,87.0,2.9,1013.2,1,6.4
2024-02-22,成都,11.0,59.1,2.7,1006.9,1,7.2
2024-02-22,哈尔滨,-3.2,63.0,0.7,1017.3,0,0.0
2024-02-23,北京,10.3,63.9,2.8,1012.5,0,0.0
2024-02-23,上海,9.4,70.6,1.1,1016.0,1,10.4
2024-02-23,广州,14.6,71.4,3.6,1012.7,0,0.0
2024-02-23,成都,0.3,68.6,1.6,1011.3,0,0.0
2024-02-23,哈尔滨,-8.3,38.8,3.0,1013.9,0,0.0
2024-02-24,北京,2.8,63.5,1.2,1006.8,0,0.0
2024-02-24,上海,9.1,67.6,0.4,1010.4,1,19.5
2024-02-24,广州,11.0,78.4,1.1,1006.3,1,19.4
2024-02-24,成都,7.1,72.2,4.0,1013.9,1,23.3
2024-02-24,哈尔滨,-11.5,57.1,1.9,1012.0,0,0.0
2024-02-25,北京,6.8,58.8,3.6,1003.2,0,0.0
2024-02-25,上海,11.8,71.8,4.9,1007.7,0,0.0
2024-02-25,广州,9.6,92.6,1.2,1013.1,0,0.0
2024-02-25,成都,4.4,67.8,2.9,1011.0,0,0.0
2024-02-25,哈尔滨,-0.6,48.7,2.7,1014.8,0,0.0
2024-02-26,北京,4.6,62.7,0.9,1016.4,0,0.0
2024-02-26,上海,15.8,70.3,0.2,1027.2,1,24.5
2024-02-26,广州,17.1,73.7,2.1,1009.4,0,0.0
2024-02-26,成都,6.8,47.7,4.3,1018.3,0,0.0
2024-02-26,哈尔滨,-0.9,60.8,3.3,1008.3,0,0.0
2024-02-27,北京,2.5,44.4,1.4,1002.0,0,0.0
2024-02-27,上海,10.5,52.0,1.5,1012.1,0,0.0
2024-02-27,广州,16.2,79.9,2.8,1007.1,1,14.0
2024-02-27,成都,10.0,77.7,1.7,1018.6,1,22.9
2024-02-27,哈尔滨,-3.3,60.3,4.0,1008.6,0,0.0
2024-02-28,北京,5.2,51.4,1.8,1004.2,0,0.0
2024-02-28,上海,9.8,68.0,0.1,1010.2,0,0.0
2024-02-28,广州,14.8,52.8,1.3,1006.2,0,0.0
2024-02-28,成都,11.9,74.6,4.7,1019.8,1,13.9
2024-02-28,哈尔滨,-5.2,73.2,1.0,1010.8,1,7.7
2024-02-29,北京,11.5,50.0,0.5,1011.6,0,0.0
2024-02-29,上海,17.9,77.0,2.0,1008.7,0,0.0
2024-02-29,广州,13.3,92.0,3.4,1006.0,1,24.2
2024-02-29,成都,4.7,79.0,3.7,1013.9,1,4.1
2024-02-29,哈尔滨,-3.4,74.1,1.0,1022.8,0,0.0
2024-03-01,北京,8.2,43.7,1.7,1008.3,0,0.0
2024-03-01,上海,9.7,76.7,2.1,1013.0,0,0.0
2024-03-01,广州,19.4,87.1,2.6,1006.3,0,0.0
2024-03-01,成都,5.8,62.7,3.5,1013.3,0,0.0
2024-03-01,哈尔滨,-4.9,53.3,3.2,1007.8,0,0.0
2024-03-02,北京,3.0,50.2,2.1,1025.1,0,0.0
2024-03-02,上海,12.7,50.7,2.8,1014.9,0,0.0
2024-03-02,广州,14.0,79.3,3.6,1019.5,1,18.0
2024-03-02,成都,10.6,50.2,3.8,1012.6,0,0.0
2024-03-02,哈尔滨,-3.3,56.7,1.8,1013.8,0,0.0
2024-03-03,北京,9.5,54.7,1.5,1017.6,0,0.0
2024-03-03,上海,12.6,60.6,2.1,1018.8,0,0.0
2024-03-03,广州,17.7,63.3,1.2,1012.5,0,0.0
2024-03-03,成都,18.6,73.5,0.9,1012.6,1,8.8
2024-03-03,哈尔滨,2.8,63.6,4.6,1008.1,0,0.0
2024-03-04,北京,2.0,45.6,0.2,1017.4,0,0.0
2024-03-04,上海,11.9,55.5,1.4,1016.8,0,0.0
2024-03-04,广州,16.6,73.7,0.5,1012.8,1,24.7
2024-03-04,成都,11.0,65.4,4.5,1012.2,0,0.0
2024-03-04,哈尔滨,-4.1,80.0,3.0,1009.7,1,12.5
2024-03-05,北京,9.5,51.5,2.2,1017.9,0,0.0
2024-03-05,上海,9.1,57.5,2.0,1019.1,0,0.0
2024-03-05,广州,22.8,74.0,2.6,1017.3,0,0.0
2024-03-05,成都,7.3,66.8,2.2,1021.7,0,0.0
2024-03-05,哈尔滨,-3.9,35.2,0.7,1008.5,0,0.0
2024-03-06,北京,7.9,47.8,0.9,1015.1,0,0.0
2024-03-06,上海,12.8,52.0,2.6,1006.5,0,0.0
2024-03-06,广州,15.3,64.9,3.5,1010.6,0,0.0
2024-03-06,成都,19.3,74.8,3.2,1013.6,1,3.8
2024-03-06,哈尔滨,-1.0,50.4,3.5,1001.9,0,0.0
2024-03-07,北京,8.3,46.4,3.7,1015.6,0,0.0
2024-03-07,上海,10.5,54.6,2.6,1015.8,0,0.0
2024-03-07,广州,16.9,82.8,3.3,1005.1,1,17.3
2024-03-07,成都,10.9,65.8,3.0,1019.4,1,24.3
2024-03-07,哈尔滨,-0.3,67.9,3.6,1020.5,1,8.7
2024-03-08,北京,13.6,42.8,2.9,1015.5,0,0.0
2024-03-08,上海,6.6,84.2,4.6,1001.7,0,0.0
2024-03-08,广州,18.0,83.0,2.7,1008.5,1,6.4
2024-03-08,成都,10.7,70.9,0.4,1010.2,0,0.0
2024-03-08,哈尔滨,3.4,70.5,2.0,1011.1,0,0.0
2024-03-09,北京,4.7,47.2,4.5,1014.7,0,0.0
2024-03-09,上海,17.1,75.1,4.9,1013.2,0,0.0
2024-03-09,广州,13.1,87.9,4.2,1009.1,1,24.1
2024-03-09,成都,11.1,83.0,3.5,1011.8,1,13.4
2024-03-09,哈尔滨,-0.3,36.8,3.8,1011.4,0,0.0
2024-03-10,北京,12.2,70.1,4.5,1012.9,0,0.0
2024-03-10,上海,20.3,55.1,5.7,1008.4,1,14.2
2024-03-10,广州,25.9,92.8,2.0,1027.7,1,12.3
2024-03-10,成都,18.6,62.7,2.0,1013.7,1,4.1
2024-03-10,哈尔滨,-1.1,62.0,4.0,1020.5,0,0.0
2024-03-11,北京,4.8,43.0,4.3,1021.8,0,0.0
2024-03-11,上海,15.1,54.3,4.9,1016.9,0,0.0
2024-03-11,广州,21.1,81.8,3.0,1016.9,1,18.8
2024-03-11,成都,15.9,67.6,3.0,1012.3,0,0.0
2024-03-11,哈尔滨,1.1,56.6,3.9,1015.9,0,0.0
2024-03-12,北京,3.3,49.7,2.6,1008.9,0,0.0
2024-03-12,上海,15.9,60.8,2.2,1010.7,1,3.8
2024-03-12,广州,19.6,61.4,1.4,1016.2,0,0.0
2024-03-12,成都,9.4,66.6,3.2,1016.7,0,0.0
2024-03-12,哈尔滨,2.6,57.0,0.8,1015.6,1,14.1
2024-03-13,北京,13.4,54.8,1.0,1012.8,0,0.0
2024-03-13,上海,12.2,75.7,3.8,1015.3,0,0.0
2024-03-13,广州,23.0,81.5,3.6,1007.9,1,11.4
2024-03-13,成都,17.1,74.0,3.8,1005.5,1,20.4
2024-03-13,哈尔滨,1.8,46.9,4.3,1014.3,0,0.0
2024-03-14,北京,17.2,49.1,6.2,1017.9,0,0.0
2024-03-14,上海,9.9,74.3,3.4,999.2,0,0.0
2024-03-14,广州,11.9,90.1,0.8,1019.8,0,0.0
2024-03-14,成都,11.0,80.7,2.0,1007.7,0,0.0
2024-03-14,哈尔滨,1.1,65.1,1.2,1011.6,0,0.0
2024-03-15,北京,10.5,50.8,4.2,1013.6,0,0.0
2024-03-15,上海,10.9,61.6,3.5,1009.6,0,0.0
2024-03-15,广州,19.3,98.2,2.9,1010.6,1,10.5
2024-03-15,成都,15.1,49.4,4.0,1013.3,0,0.0
2024-03-15,哈尔滨,6.4,62.8,2.9,1011.5,0,0.0
2024-03-16,北京,8.9,54.2,3.6,1022.8,1,12.6
2024-03-16,上海,13.4,82.8,2.8,1008.6,1,16.8
2024-03-16,广州,19.6,82.7,4.4,1018.8,1,7.5
2024-03-16,成都,21.5,79.1,5.4,1005.4,0,0.0
2024-03-16,哈尔滨,-0.4,65.2,6.5,1010.9,0,0.0
2024-03-17,北京,11.6,41.5,2.3,1014.4,0,0.0
2024-03-17,上海,15.1,53.7,3.7,1009.6,0,0.0
2024-03-17,广州,23.3,54.2,0.6,1008.0,0,0.0
2024-03-17,成都,16.5,75.6,3.6,1019.9,0,0.0
2024-03-17,哈尔滨,3.7,56.4,2.8,1009.8,0,0.0
2024-03-18,北京,9.3,37.9,3.7,1010.7,0,0.0
2024-03-18,上海,14.6,52.4,0.0,1014.3,0,0.0
2024-03-18,广州,21.7,74.5,6.5,1008.1,1,25.0
2024-03-18,成都,13.0,71.0,2.2,1010.9,0,0.0
2024-03-18,哈尔滨,-1.7,54.4,1.6,1017.2,0,0.0
2024-03-19,北京,11.2,62.0,2.3,1013.0,0,0.0
2024-03-19,上海,9.8,68.6,4.2,1010.5,0,0.0
2024-03-19,广州,19.5,72.3,3.7,1016.1,0,0.0
2024-03-19,成都,12.7,65.0,3.8,1016.7,0,0.0
2024-03-19,哈尔滨,5.2,49.8,1.7,1006.7,0,0.0
2024-03-20,北京,15.1,26.5,1.9,1008.5,0,0.0
2024-03-20,上海,16.3,59.2,2.7,1007.3,0,0.0
2024-03-20,广州,17.6,71.3,3.4,1013.5,0,0.0
2024-03-20,成都,19.9,65.0,3.1,1007.9,0,0.0
2024-03-20,哈尔滨,4.3,75.6,4.8,1013.3,1,15.4
2024-03-21,北京,9.9,38.0,1.3,1013.6,0,0.0
2024-03-21,上海,15.6,64.5,1.8,1012.3,0,0.0
2024-03-21,广州,27.5,77.0,1.8,1005.0,0,0.0
2024-03-21,成都,17.1,72.8,3.6,1015.6,0,0.0
2024-03-21,哈尔滨,4.9,52.8,1.8,1015.9,0,0.0
2024-03-22,北京,3.9,37.9,3.3,1020.5,0,0.0
2024-03-22,上海,12.9,48.7,3.0,1010.8,0,0.0
2024-03-22,广州,21.3,73.9,3.9,1013.2,0,0.0
2024-03-22,成都,11.4,77.1,0.3,1009.0,1,13.2
2024-03-22,哈尔滨,6.3,61.8,5.1,1005.3,0,0.0
2024-03-23,北京,13.6,51.1,5.9,1008.2,0,0.0
2024-03-23,上海,23.3,69.7,1.5,1024.7,0,0.0
2024-03-23,广州,22.6,59.2,2.5,1014.2,1,6.0
2024-03-23,成都,18.0,61.4,4.1,1010.3,0,0.0
2024-03-23,哈尔滨,10.2,83.0,2.7,1007.2,0,0.0
2024-03-24,北京,15.8,53.5,3.7,1009.1,0,0.0
2024-03-24,上海,19.7,62.2,3.1,1011.8,0,0.0
2024-03-24,广州,26.3,74.5,0.8,1022.4,1,17.0
2024-03-24,成都,16.1,66.4,1.0,1006.9,0,0.0
2024-03-24,哈尔滨,6.3,62.9,2.5,1006.1,0,0.0
2024-03-25,北京,12.5,54.3,4.3,1013.1,0,0.0
2024-03-25,上海,16.8,70.3,3.6,1018.0,0,0.0
2024-03-25,广州,22.5,76.3,2.6,1014.8,0,0.0
2024-03-25,成都,15.7,78.8,2.6,1017.8,1,22.5
2024-03-25,哈尔滨,11.9,44.5,2.2,1011.7,0,0.0
2024-03-26,北京,14.9,56.5,2.5,1013.1,0,0.0
2024-03-26,上海,14.3,70.5,4.0,1014.8,1,15.6
2024-03-26,广州,21.6,71.3,4.0,1015.7,0,0.0
2024-03-26,成都,15.2,82.1,3.4,1008.8,1,20.4
2024-03-26,哈尔滨,10.4,39.1,3.9,1016.3,0,0.0
2024-03-27,北京,14.3,58.3,6.9,1010.1,0,0.0
2024-03-27,上海,16.4,54.1,2.0,1011.3,0,0.0
2024-03-27,广州,24.8,65.9,4.5,1017.2,0,0.0
2024-03-27,成都,13.2,65.7,0.5,1009.2,0,0.0
2024-03-27,哈尔滨,4.7,49.6,2.4,1020.4,0,0.0
2024-03-28,北京,14.7,40.2,0.9,1013.0,0,0.0
2024-03-28,上海,15.2,51.7,3.1,1011.1,0,0.0
2024-03-28,广州,20.8,76.3,0.4,1012.5,0,0.0
2024-03-28,成都,12.7,65.2,1.0,1021.2,0,0.0
2024-03-28,哈尔滨,5.0,56.8,3.3,1005.7,0,0.0
2024-03-29,北京,13.5,47.6,5.2,1012.2,0,0.0
2024-03-29,上海,18.2,39.0,2.8,1013.3,0,0.0
2024-03-29,广州,20.4,74.2,1.3,1009.8,1,9.8
2024-03-29,成都,18.6,56.8,1.6,1013.0,1,2.6
2024-03-29,哈尔滨,-0.6,72.9,5.7,1020.9,1,7.8
2024-03-30,北京,12.4,51.9,1.3,1013.6,0,0.0
2024-03-30,上海,17.5,56.7,2.2,1021.7,1,21.2
2024-03-30,广州,21.6,62.9,5.2,1025.3,1,4.4
2024-03-30,成都,20.4,80.8,4.1,1012.1,1,4.6
2024-03-30,哈尔滨,4.3,51.8,5.0,1014.3,0,0.0
2024-03-31,北京,12.1,44.6,2.7,1009.7,0,0.0
2024-03-31,上海,19.0,61.6,5.4,1019.0,1,8.1
2024-03-31,广州,22.3,77.1,4.2,1008.3,0,0.0
2024-03-31,成都,15.2,62.1,1.8,1010.6,0,0.0
2024-03-31,哈尔滨,2.5,47.7,2.7,1009.0,0,0.0
2024-04-01,北京,16.2,52.7,3.9,1015.9,0,0.0
2024-04-01,上海,17.6,53.8,2.3,1014.3,0,0.0
2024-04-01,广州,26.5,88.1,2.2,1006.3,0,0.0
2024-04-01,成都,15.5,66.1,3.8,1016.4,0,0.0
2024-04-01,哈尔滨,9.5,63.1,3.8,1013.2,0,0.0
2024-04-02,北京,18.5,47.3,0.7,1013.2,0,0.0
2024-04-02,上海,20.9,55.2,3.3,1013.6,0,0.0
2024-04-02,广州,24.4,82.7,2.1,1012.3,1,18.6
2024-04-02,成都,19.5,57.4,3.6,1014.6,0,0.0
2024-04-02,哈尔滨,8.4,51.4,3.2,1011.7,0,0.0
2024-04-03,北京,6.6,41.3,5.3,1018.6,0,0.0
2024-04-03,上海,15.9,99,1.7,1014.4,1,11.0
2024-04-03,广州,30.5,74.3,3.2,1022.1,0,0.0
2024-04-03,成都,16.5,82.7,2.4,1010.8,1,5.2
2024-04-03,哈尔滨,7.6,63.4,2.3,1016.3,0,0.0
2024-04-04,北京,13.5,64.0,2.7,1016.8,0,0.0
2024-04-04,上海,24.1,63.6,6.2,1020.2,0,0.0
2024-04-04,广州,33.8,59.7,3.5,1011.1,0,0.0
2024-04-04,成都,19.6,85.8,4.2,1005.5,1,12.2
2024-04-04,哈尔滨,5.5,56.3,1.6,1015.8,0,0.0
2024-04-05,北京,16.8,47.0,1.8,1012.6,0,0.0
2024-04-05,上海,14.8,83.0,3.0,1013.3,0,0.0
2024-04-05,广州,25.3,58.9,0.9,1014.9,0,0.0
2024-04-05,成都,23.3,74.8,3.3,1018.2,1,6.7
2024-04-05,哈尔滨,9.1,52.0,1.3,1010.0,0,0.0
2024-04-06,北京,13.6,62.6,3.7,1013.7,0,0.0
2024-04-06,上海,18.6,66.3,4.0,1008.8,1,24.0
2024-04-06,广州,27.4,89.6,4.5,1018.3,1,23.3
2024-04-06,成都,19.4,84.4,3.0,1017.8,0,0.0
2024-04-06,哈尔滨,9.6,68.7,2.2,1020.3,1,16.4
2024-04-07,北京,16.3,49.6,2.2,1013.4,0,0.0
2024-04-07,上海,20.2,63.8,2.1,1004.3,0,0.0
2024-04-07,广州,24.9,77.5,4.3,1015.1,0,0.0
2024-04-07,成都,22.4,75.2,3.6,1011.2,0,0.0
2024-04-07,哈尔滨,8.4,54.7,3.8,1012.9,0,0.0
2024-04-08,北京,20.9,50.8,0.8,1015.9,0,0.0
2024-04-08,上海,22.4,73.4,1.8,1003.9,1,2.5
2024-04-08,广州,26.6,61.7,0.1,1021.6,0,0.0
2024-04-08,成都,22.1,76.2,4.6,1016.2,0,0.0
2024-04-08,哈尔滨,4.5,49.1,1.9,1004.0,0,0.0
2024-04-09,北京,15.7,61.4,0.5,1012.5,0,0.0
2024-04-09,上海,26.9,72.2,4.7,1011.4,1,12.5
2024-04-09,广州,23.8,68.2,7.4,1010.9,0,0.0
2024-04-09,成都,24.8,84.6,1.7,1011.0,1,19.1
2024-04-09,哈尔滨,13.8,55.2,3.6,1013.2,0,0.0
2024-04-10,北京,18.1,50.9,3.4,1007.2,0,0.0
2024-04-10,上海,18.0,64.9,2.8,1011.0,0,0.0
2024-04-10,广州,25.3,69.6,2.3,1018.6,1,20.2
2024-04-10,成都,18.2,67.7,1.1,1005.9,0,0.0
2024-04-10,哈尔滨,13.3,66.3,2.6,1003.4,1,2.2
2024-04-11,北京,14.3,54.4,2.0,1010.3,0,0.0
2024-04-11,上海,21.2,60.0,2.4,1005.5,1,23.8
2024-04-11,广州,22.1,72.5,2.8,1010.0,1,19.5
2024-04-11,成都,20.6,90.7,3.0,1011.8,1,6.8
2024-04-11,哈尔滨,13.7,66.2,2.5,1012.1,0,0.0
2024-04-12,北京,15.3,59.1,1.7,1011.0,0,0.0
2024-04-12,上海,24.7,72.9,2.8,1009.5,0,0.0
2024-04-12,广州,33.3,80.4,3.1,1018.6,1,3.8
2024-04-12,成都,26.9,61.7,0.1,1009.4,0,0.0
2024-04-12,哈尔滨,7.2,64.3,0.9,1017.0,1,1.9
2024-04-13,北京,15.3,58.5,3.8,1011.2,0,0.0
2024-04-13,上海,29.2,62.1,4.5,1015.3,0,0.0
2024-04-13,广州,29.3,67.6,2.8,1012.8,1,14.1
2024-04-13,成都,20.4,83.2,1.0,1014.5,1,19.3
2024-04-13,哈尔滨,12.0,80.2,3.1,1009.3,1,10.3
2024-04-14,北京,18.3,59.2,4.6,1004.3,0,0.0
2024-04-14,上海,26.4,65.1,4.4,1006.5,1,13.2
2024-04-14,广州,28.3,86.6,7.7,1019.3,1,2.3
2024-04-14,成都,27.7,59.9,0.7,1012.0,0,0.0
2024-04-14,哈尔滨,11.3,59.3,3.7,1014.5,0,0.0
2024-04-15,北京,21.7,55.9,0.6,1018.1,0,0.0
2024-04-15,上海,22.1,73.7,3.7,1005.6,0,0.0
2024-04-15,广州,27.3,82.2,3.9,1014.5,0,0.0
2024-04-15,成都,20.8,67.1,3.9,1017.8,0,0.0
2024-04-15,哈尔滨,2.7,54.2,3.3,1017.1,0,0.0
2024-04-16,北京,19.8,54.0,1.9,1004.4,0,0.0
2024-04-16,上海,28.0,69.8,2.7,1014.9,1,8.9
2024-04-16,广州,24.0,73.7,2.7,1028.3,1,10.1
2024-04-16,成都,17.7,74.9,3.0,1018.6,0,0.0
2024-04-16,哈尔滨,10.8,61.2,5.1,1000.5,1,20.6
2024-04-17,北京,15.8,60.1,1.8,1007.8,0,0.0
2024-04-17,上海,23.0,63.1,6.0,1017.3,0,0.0
2024-04-17,广州,33.2,90.7,3.6,1009.1,1,11.5
2024-04-17,成都,24.7,81.4,3.7,1008.5,1,17.1
2024-04-17,哈尔滨,11.7,66.2,3.5,1016.7,0,0.0
2024-04-18,北京,23.0,53.0,3.0,1017.2,0,0.0
2024-04-18,上海,21.9,63.9,2.8,1015.7,1,22.1
2024-04-18,广州,24.8,72.7,3.9,1004.6,0,0.0
2024-04-18,成都,23.5,60.8,1.3,1011.4,0,0.0
2024-04-18,哈尔滨,8.0,59.9,3.6,1017.0,0,0.0
2024-04-19,北京,23.3,39.4,7.3,1018.6,0,0.0
2024-04-19,上海,24.4,25.6,3.7,1012.6,0,0.0
2024-04-19,广州,28.6,93.3,3.4,1012.2,0,0.0
2024-04-19,成都,24.3,89.0,3.4,1008.5,0,0.0
2024-04-19,哈尔滨,12.2,54.9,0.7,1008.0,0,0.0
2024-04-20,北京,20.0,48.8,1.9,1001.4,0,0.0
2024-04-20,上海,21.6,62.5,6.1,1012.2,0,0.0
2024-04-20,广州,28.1,85.8,3.9,1015.0,1,13.2
2024-04-20,成都,30.1,70.1,3.2,1015.5,0,0.0
2024-04-20,哈尔滨,16.5,50.6,2.9,1013.9,0,0.0
2024-04-21,北京,24.1,41.4,4.7,1004.8,0,0.0
2024-04-21,上海,18.6,82.0,2.5,1014.4,1,3.4
2024-04-21,广州,33.6,95.4,4.0,1000.7,1,4.4
2024-04-21,成都,28.2,67.0,5.4,1009.2,1,14.7
2024-04-21,哈尔滨,12.8,67.6,2.7,1010.6,0,0.0
2024-04-22,北京,26.8,42.3,0.7,1023.1,0,0.0
2024-04-22,上海,27.8,67.7,6.5,1006.8,1,14.1
2024-04-22,广州,31.4,72.9,3.0,1009.3,0,0.0
2024-04-22,成都,26.9,88.1,5.0,1017.2,1,22.2
2024-04-22,哈尔滨,9.6,62.6,3.0,1014.9,0,0.0
2024-04-23,北京,20.2,50.3,1.2,1018.3,0,0.0
2024-04-23,上海,26.7,57.3,1.6,1017.3,1,12.0
2024-04-23,广州,32.9,64.1,2.7,1010.2,1,21.1
2024-04-23,成都,23.3,78.4,3.6,1012.4,1,9.4
2024-04-23,哈尔滨,11.6,47.5,3.5,1011.7,0,0.0
2024-04-24,北京,17.7,42.5,6.5,1015.3,0,0.0
2024-04-24,上海,25.6,61.3,3.8,1015.0,1,17.4
2024-04-24,广州,29.4,59.1,2.9,1017.0,0,0.0
2024-04-24,成都,28.0,74.0,3.5,1010.6,1,10.7
2024-04-24,哈尔滨,11.1,74.2,2.2,1011.0,1,4.3
2024-04-25,北京,20.2,54.0,3.7,1009.4,0,0.0
2024-04-25,上海,20.1,66.0,4.6,1016.4,1,22.1
2024-04-25,广州,28.3,82.9,2.9,1018.6,1,6.7
2024-04-25,成都,29.1,76.3,2.7,1011.2,1,13.5
2024-04-25,哈尔滨,16.4,57.6,0.3,1009.8,0,0.0
2024-04-26,北京,17.5,56.1,4.1,1008.8,0,0.0
2024-04-26,上海,23.5,65.6,4.9,1008.5,0,0.0
2024-04-26,广州,35.1,64.5,2.1,1006.8,1,18.9
2024-04-26,成都,28.7,95.5,5.7,1011.4,1,10.6
2024-04-26,哈尔滨,15.9,59.2,5.1,1012.9,0,0.0
2024-04-27,北京,20.6,72.0,3.5,1012.0,1,9.9
2024-04-27,上海,23.8,72.1,0.1,1015.6,0,0.0
2024-04-27,广州,28.3,66.5,1.6,1015.5,1,14.7
2024-04-27,成都,25.3,46.3,4.7,1010.1,0,0.0
2024-04-27,哈尔滨,12.1,72.1,2.1,1017.3,1,12.1
2024-04-28,北京,20.5,48.3,2.9,1015.8,0,0.0
2024-04-28,上海,24.8,62.4,4.0,1010.1,1,18.6
2024-04-28,广州,36.7,64.8,5.7,1014.2,0,0.0
2024-04-28,成都,24.5,81.4,2.8,1010.9,0,0.0
2024-04-28,哈尔滨,18.5,80.2,0.4,1016.3,1,10.4
2024-04-29,北京,20.1,44.9,3.7,1022.0,0,0.0
2024-04-29,上海,25.7,44.9,3.8,1007.6,0,0.0
2024-04-29,广州,30.0,86.0,4.9,1020.3,0,0.0
2024-04-29,成都,27.3,71.2,4.4,1004.7,1,11.4
2024-04-29,哈尔滨,17.4,52.3,2.6,1022.2,0,0.0
2024-04-30,北京,20.5,46.1,4.4,1013.9,0,0.0
2024-04-30,上海,28.2,83.2,1.8,1010.6,1,22.4
2024-04-30,广州,31.5,59.7,2.7,1017.8,1,14.3
2024-04-30,成都,31.3,65.7,1.6,1007.0,1,10.2
2024-04-30,哈尔滨,18.7,62.2,3.0,1012.3,0,0.0
2024-05-01,北京,19.3,39.2,4.1,1013.2,0,0.0
2024-05-01,上海,23.1,89.6,2.0,1008.9,1,8.7
2024-05-01,广州,31.7,86.2,1.8,1004.6,1,2.6
2024-05-01,成都,21.3,68.9,3.8,1009.0,0,0.0
2024-05-01,哈尔滨,11.8,54.7,3.4,1014.1,0,0.0
2024-05-02,北京,18.1,34.6,2.8,1020.9,0,0.0
2024-05-02,上海,25.4,70.4,3.3,1002.3,0,0.0
2024-05-02,广州,33.2,62.2,1.8,1006.6,0,0.0
2024-05-02,成都,20.1,41.4,2.9,1018.2,0,0.0
2024-05-02,哈尔滨,18.5,63.5,2.1,1011.6,0,0.0
2024-05-03,北京,22.8,62.2,3.7,1002.4,0,0.0
2024-05-03,上海,20.3,64.1,4.7,1004.4,1,2.4
2024-05-03,广州,33.7,80.6,3.9,1005.1,1,17.0
2024-05-03,成都,25.5,73.7,1.5,1019.5,1,19.7
2024-05-03,哈尔滨,13.0,66.8,2.2,1022.4,0,0.0
2024-05-04,北京,25.0,40.1,3.5,1012.3,0,0.0
2024-05-04,上海,20.3,64.9,2.1,1015.8,1,21.4
2024-05-04,广州,33.6,80.1,1.4,1016.5,0,0.0
2024-05-04,成都,23.8,72.3,2.4,1004.5,0,0.0
2024-05-04,哈尔滨,13.0,55.4,2.9,1012.6,0,0.0
2024-05-05,北京,22.6,43.9,3.2,1007.2,0,0.0
2024-05-05,上海,30.0,72.3,2.0,1009.2,0,0.0
2024-05-05,广州,31.9,76.9,3.5,1017.6,1,8.1
2024-05-05,成都,27.5,64.4,2.1,1006.7,1,17.3
2024-05-05,哈尔滨,13.6,64.4,1.5,1017.5,1,20.6
2024-05-06,北京,21.9,57.9,2.7,1006.3,0,0.0
2024-05-06,上海,34.2,43.7,1.2,1022.0,0,0.0
2024-05-06,广州,35.4,97.5,4.3,1010.5,1,18.2
2024-05-06,成都,30.0,81.9,2.2,1011.4,1,16.3
2024-05-06,哈尔滨,20.6,64.8,2.9,1019.2,1,24.9
2024-05-07,北京,20.6,37.6,5.3,1013.9,0,0.0
2024-05-07,上海,24.1,73.6,2.1,1013.5,0,0.0
2024-05-07,广州,31.1,68.8,1.8,1006.7,1,15.1
2024-05-07,成都,30.5,84.3,4.9,1017.9,1,2.9
2024-05-07,哈尔滨,16.4,64.1,3.4,1016.7,0,0.0
2024-05-08,北京,24.4,64.9,2.9,1014.4,0,0.0
2024-05-08,上海,28.9,87.4,2.9,1013.3,1,22.7
2024-05-08,广州,35.3,62.2,3.4,1014.8,0,0.0
2024-05-08,成都,26.8,65.4,3.0,1016.6,0,0.0
2024-05-08,哈尔滨,14.1,70.7,3.8,1014.8,1,7.3
2024-05-09,北京,24.0,41.8,3.0,1010.8,0,0.0
2024-05-09,上海,32.8,70.6,2.5,1010.4,1,10.9
2024-05-09,广州,28.8,60.8,5.3,1018.1,1,10.0
2024-05-09,成都,29.5,68.1,0.8,1019.4,0,0.0
2024-05-09,哈尔滨,12.0,45.6,4.8,1018.0,0,0.0
2024-05-10,北京,25.0,47.9,1.3,1016.4,0,0.0
2024-05-10,上海,26.5,59.3,2.0,1016.2,1,17.1
2024-05-10,广州,37.6,52.1,5.3,1021.2,0,0.0
2024-05-10,成都,26.6,71.6,2.9,1017.3,0,0.0
2024-05-10,哈尔滨,13.1,44.6,1.3,1010.0,0,0.0
2024-05-11,北京,22.2,42.0,0.7,1011.9,0,0.0
2024-05-11,上海,26.3,58.6,1.7,1019.2,0,0.0
2024-05-11,广州,35.6,64.2,3.5,1012.9,0,0.0
2024-05-11,成都,30.8,86.2,4.8,1004.9,1,12.3
2024-05-11,哈尔滨,16.0,86.5,4.0,1014.1,1,10.1
2024-05-12,北京,24.0,61.0,3.5,1007.8,0,0.0
2024-05-12,上海,26.3,66.6,0.8,1013.1,1,10.3
2024-05-12,广州,33.7,74.9,4.7,1016.7,0,0.0
2024-05-12,成都,26.5,81.2,3.6,1020.2,0,0.0
2024-05-12,哈尔滨,15.0,62.5,3.3,1018.4,0,0.0
2024-05-13,北京,21.4,42.3,1.7,1006.4,0,0.0
2024-05-13,上海,28.0,57.9,1.5,1020.9,0,0.0
2024-05-13,广州,32.9,86.7,2.9,1011.5,1,3.5
2024-05-13,成都,26.9,54.4,4.6,1017.3,0,0.0
2024-05-13,哈尔滨,18.6,55.8,0.5,1015.3,0,0.0
2024-05-14,北京,26.4,56.5,5.6,1008.8,0,0.0
2024-05-14,上海,28.5,54.2,1.0,1002.5,0,0.0
2024-05-14,广州,30.3,75.1,6.3,1016.5,0,0.0
2024-05-14,成都,24.5,71.3,3.8,1011.5,0,0.0
2024-05-14,哈尔滨,15.8,54.8,1.5,1017.4,0,0.0
2024-05-15,北京,21.2,49.7,6.3,1011.6,0,0.0
2024-05-15,上海,27.0,90.5,4.6,1012.0,1,10.3
2024-05-15,广州,32.6,59.2,2.3,1020.4,0,0.0
2024-05-15,成都,26.5,47.3,2.3,1010.5,0,0.0
2024-05-15,哈尔滨,15.5,68.9,1.0,1000.5,0,0.0
2024-05-16,北京,27.8,46.9,2.5,1008.9,0,0.0
2024-05-16,上海,26.3,74.2,1.0,1009.8,1,18.7
2024-05-16,广州,35.7,68.1,4.6,1005.6,0,0.0
2024-05-16,成都,30.0,70.9,2.5,1010.1,0,0.0
2024-05-16,哈尔滨,17.6,67.0,3.0,1022.6,0,0.0
2024-05-17,北京,23.1,66.1,5.7,1014.8,1,21.7
2024-05-17,上海,28.1,45.0,2.9,1006.6,0,0.0
2024-05-17,广州,35.6,57.5,2.5,1020.2,0,0.0
2024-05-17,成都,22.7,86.3,4.3,1012.3,1,0.3
2024-05-17,哈尔滨,16.4,73.9,3.6,1003.1,0,0.0
2024-05-18,北京,28.6,41.8,1.5,1006.3,0,0.0
2024-05-18,上海,24.5,54.5,4.2,1012.1,0,0.0
2024-05-18,广州,33.8,69.1,3.8,1018.3,1,10.7
2024-05-18,成都,27.1,68.2,2.0,1011.1,1,17.7
2024-05-18,哈尔滨,17.6,64.8,2.8,1014.5,0,0.0
2024-05-19,北京,21.4,40.2,1.0,1013.4,0,0.0
2024-05-19,上海,29.3,56.5,3.2,1016.1,1,12.6
2024-05-19,广州,31.5,81.3,3.9,1014.9,1,8.3
2024-05-19,成都,27.4,75.4,3.0,1006.9,0,0.0
2024-05-19,哈尔滨,20.5,34.8,5.2,1013.4,0,0.0
2024-05-20,北京,28.3,42.2,0.3,1004.3,0,0.0
2024-05-20,上海,26.0,85.1,4.4,1011.3,1,7.1
2024-05-20,广州,39.6,65.2,1.1,1019.4,0,0.0
2024-05-20,成都,35.1,75.8,3.6,1018.6,0,0.0
2024-05-20,哈尔滨,20.6,81.7,2.8,1012.9,1,16.8
2024-05-21,北京,25.9,30.2,2.4,1014.1,0,0.0
2024-05-21,上海,26.6,38.9,3.3,1005.9,0,0.0
2024-05-21,广州,35.0,69.2,1.7,1014.1,1,1.4
2024-05-21,成都,30.1,57.7,2.0,1011.4,0,0.0
2024-05-21,哈尔滨,13.8,69.1,2.7,1013.4,0,0.0
2024-05-22,北京,20.9,46.9,1.1,1007.3,0,0.0
2024-05-22,上海,28.8,61.3,3.6,1012.0,0,0.0
2024-05-22,广州,34.7,79.0,3.2,1007.7,1,16.5
2024-05-22,成都,25.5,72.0,4.0,1016.8,0,0.0
2024-05-22,哈尔滨,9.8,52.8,4.4,1018.9,0,0.0
2024-05-23,北京,26.6,34.5,0.4,1021.7,0,0.0
2024-05-23,上海,27.8,63.3,5.0,1013.2,0,0.0
2024-05-23,广州,37.7,72.2,3.0,1002.2,1,10.3
2024-05-23,成都,27.1,60.5,3.6,1016.0,0,0.0
2024-05-23,哈尔滨,17.9,65.9,3.9,1003.7,0,0.0
2024-05-24,北京,34.2,36.7,1.2,1014.5,0,0.0
2024-05-24,上海,30.6,66.9,2.7,1007.3,1,3.2
2024-05-24,广州,34.6,71.2,0.6,1005.7,1,11.3
2024-05-24,成都,27.5,64.3,1.3,1009.7,0,0.0
2024-05-24,哈尔滨,16.1,69.7,4.1,1013.1,1,18.5
2024-05-25,北京,20.2,57.5,4.6,1019.1,0,0.0
2024-05-25,上海,26.7,67.2,2.4,1019.0,1,15.2
2024-05-25,广州,38.7,58.4,4.2,1017.8,0,0.0
2024-05-25,成都,30.4,67.4,3.3,1013.4,0,0.0
2024-05-25,哈尔滨,21.4,62.6,1.3,1016.7,0,0.0
2024-05-26,北京,22.0,46.0,4.7,1013.0,0,0.0
2024-05-26,上海,28.2,70.3,3.3,1005.0,1,11.6
2024-05-26,广州,32.6,74.3,0.8,1012.9,0,0.0
2024-05-26,成都,31.0,57.1,3.9,1018.2,0,0.0
2024-05-26,哈尔滨,20.8,82.0,0.9,1002.0,0,0.0
2024-05-27,北京,22.9,51.0,3.3,1018.7,0,0.0
2024-05-27,上海,29.1,67.2,3.9,1023.5,0,0.0
2024-05-27,广州,32.5,77.1,7.0,1017.0,1,17.6
2024-05-27,成都,24.1,67.5,3.6,1009.6,0,0.0
2024-05-27,哈尔滨,19.7,72.9,1.6,1018.5,0,0.0
2024-05-28,北京,22.9,49.0,4.5,1009.7,0,0.0
2024-05-28,上海,32.2,56.5,1.0,1013.8,0,0.0
2024-05-28,广州,37.0,79.6,4.9,1016.3,1,4.7
2024-05-28,成都,26.7,82.1,3.8,1015.4,0,0.0
2024-05-28,哈尔滨,17.2,48.7,2.0,1013.5,0,0.0
2024-05-29,北京,26.2,48.2,4.9,1014.7,0,0.0
2024-05-29,上海,29.3,62.9,2.5,1012.3,0,0.0
2024-05-29,广州,39.1,97.8,1.4,1009.2,1,18.0
2024-05-29,成都,28.6,63.1,4.4,1015.8,0,0.0
2024-05-29,哈尔滨,19.1,55.5,4.0,1007.1,0,0.0
2024-05-30,北京,26.8,44.3,2.4,1009.7,0,0.0
2024-05-30,上海,28.2,74.2,2.1,1011.1,1,2.7
2024-05-30,广州,37.8,93.9,1.4,1012.9,1,2.4
2024-05-30,成都,25.9,72.1,5.5,1015.1,0,0.0
2024-05-30,哈尔滨,20.6,67.7,4.4,1018.0,0,0.0
2024-05-31,北京,30.2,39.6,1.9,1008.1,0,0.0
2024-05-31,上海,33.6,68.3,3.3,1021.9,0,0.0
2024-05-31,广州,33.2,84.1,2.9,1004.5,0,0.0
2024-05-31,成都,31.4,73.1,1.9,1013.5,0,0.0
2024-05-31,哈尔滨,16.8,80.0,2.2,1014.8,0,0.0
2024-06-01,北京,27.2,37.3,3.1,1013.4,0,0.0
2024-06-01,上海,29.2,56.9,2.4,1015.2,0,0.0
2024-06-01,广州,36.0,94.6,1.7,1015.2,1,17.0
2024-06-01,成都,30.3,59.7,3.4,1007.4,0,0.0
2024-06-01,哈尔滨,16.0,57.4,2.5,1017.3,0,0.0
2024-06-02,北京,25.7,30.4,1.7,1006.0,0,0.0
2024-06-02,上海,29.7,59.4,3.3,1017.9,0,0.0
2024-06-02,广州,31.9,70.2,2.8,1010.1,0,0.0
2024-06-02,成都,31.6,70.1,5.1,1022.0,0,0.0
2024-06-02,哈尔滨,20.2,62.8,3.4,1013.7,0,0.0
2024-06-03,北京,30.5,48.7,0.7,1012.0,0,0.0
2024-06-03,上海,35.6,58.8,2.0,1008.9,0,0.0
2024-06-03,广州,33.4,60.0,2.9,1014.3,0,0.0
2024-06-03,成都,28.2,69.3,3.2,1014.2,1,0.0
2024-06-03,哈尔滨,23.9,88.3,3.3,1008.4,1,14.7
2024-06-04,北京,21.5,48.2,3.6,1013.9,0,0.0
2024-06-04,上海,33.6,45.5,0.8,1023.5,0,0.0
2024-06-04,广州,34.9,70.9,4.8,1010.2,1,10.2
2024-06-04,成都,31.3,72.4,2.0,1024.7,0,0.0
2024-06-04,哈尔滨,24.3,54.5,3.8,1007.0,0,0.0
2024-06-05,北京,30.3,47.3,3.3,1004.6,0,0.0
2024-06-05,上海,27.3,67.8,2.7,1012.4,1,1.7
2024-06-05,广州,30.1,51.1,2.5,1009.8,0,0.0
2024-06-05,成都,34.0,66.7,5.8,1013.6,1,2.3
2024-06-05,哈尔滨,15.9,43.5,6.1,1018.3,0,0.0
2024-06-06,北京,22.7,66.9,2.6,1025.0,0,0.0
2024-06-06,上海,33.5,58.7,3.8,1020.7,0,0.0
2024-06-06,广州,37.1,81.5,3.0,1019.9,1,2.7
2024-06-06,成都,34.5,62.8,1.9,1007.1,0,0.0
2024-06-06,哈尔滨,17.7,59.2,0.9,1013.8,0,0.0
2024-06-07,北京,33.0,48.0,4.2,1008.7,0,0.0
2024-06-07,上海,32.7,60.9,3.3,1019.5,1,20.0
2024-06-07,广州,32.9,76.7,1.5,1012.9,0,0.0
2024-06-07,成都,34.4,94.4,2.5,1007.7,1,0.3
2024-06-07,哈尔滨,19.6,72.8,2.1,1019.1,1,13.7
2024-06-08,北京,26.9,61.3,1.9,1009.9,0,0.0
2024-06-08,上海,31.8,80.1,1.0,1020.1,1,4.5
2024-06-08,广州,39.3,84.6,3.1,1015.3,1,5.9
2024-06-08,成都,28.0,74.0,5.3,1023.0,1,20.1
2024-06-08,哈尔滨,20.2,70.5,5.9,1012.7,0,0.0
2024-06-09,北京,25.8,32.8,2.4,1019.1,0,0.0
2024-06-09,上海,27.0,74.1,5.6,1016.4,1,15.7
2024-06-09,广州,34.1,77.8,1.8,1017.9,0,0.0
2024-06-09,成都,30.7,72.0,5.2,1019.9,0,0.0
2024-06-09,哈尔滨,20.0,72.4,2.4,1010.5,0,0.0
2024-06-10,北京,24.0,61.8,0.6,1013.6,0,0.0
2024-06-10,上海,29.0,70.6,2.4,1010.9,1,20.2
2024-06-10,广州,34.6,87.0,0.4,1008.8,1,4.0
2024-06-10,成都,31.1,78.6,2.7,1016.8,0,0.0
2024-06-10,哈尔滨,18.3,70.8,3.9,1009.4,0,0.0
2024-06-11,北京,29.8,47.8,3.1,1014.0,0,0.0
2024-06-11,上海,27.1,44.8,2.8,1011.1,0,0.0
2024-06-11,广州,37.7,77.2,4.4,1008.6,1,9.9
2024-06-11,成都,30.9,65.8,2.9,1015.9,0,0.0
2024-06-11,哈尔滨,20.8,54.3,3.0,1017.1,0,0.0
2024-06-12,北京,30.7,64.0,5.2,1014.3,0,0.0
2024-06-12,上海,29.3,75.1,4.8,1012.0,1,11.1
2024-06-12,广州,41.4,72.1,3.9,1019.0,0,0.0
2024-06-12,成都,28.3,60.3,0.9,1012.0,0,0.0
2024-06-12,哈尔滨,16.7,70.2,3.5,1007.9,1,6.5
2024-06-13,北京,26.9,50.1,4.2,1004.1,0,0.0
2024-06-13,上海,30.5,65.2,6.2,1007.3,0,0.0
2024-06-13,广州,40.1,75.6,2.7,1016.5,1,9.3
2024-06-13,成都,27.6,76.8,2.3,1014.8,0,0.0
2024-06-13,哈尔滨,16.6,66.2,2.9,1018.2,1,19.1
2024-06-14,北京,31.5,40.3,2.5,1009.2,0,0.0
2024-06-14,上海,32.0,55.4,3.6,1010.5,0,0.0
2024-06-14,广州,34.2,64.5,2.7,1019.9,1,0.5
2024-06-14,成都,34.4,73.8,3.3,1015.1,1,17.9
2024-06-14,哈尔滨,18.6,52.8,4.0,1017.7,0,0.0
2024-06-15,北京,24.9,66.6,4.7,1012.9,0,0.0
2024-06-15,上海,28.1,81.9,3.5,1012.5,0,0.0
2024-06-15,广州,40.0,79.9,4.0,1022.0,0,0.0
2024-06-15,成都,31.7,65.5,3.1,1009.2,0,0.0
2024-06-15,哈尔滨,14.3,65.7,4.6,1014.2,0,0.0
2024-06-16,北京,18.5,46.2,0.8,1014.3,0,0.0
2024-06-16,上海,29.1,77.6,6.4,1016.1,1,6.3
2024-06-16,广州,35.7,69.9,5.3,1006.5,1,2.8
2024-06-16,成都,29.2,63.4,3.6,1016.5,1,19.7
2024-06-16,哈尔滨,19.8,60.2,3.4,1007.4,0,0.0
2024-06-17,北京,26.1,53.1,3.4,1014.8,0,0.0
2024-06-17,上海,40.2,50.7,2.6,1011.8,0,0.0
2024-06-17,广州,35.4,58.1,3.8,1015.6,0,0.0
2024-06-17,成都,32.2,53.7,3.6,1008.0,0,0.0
2024-06-17,哈尔滨,17.9,51.3,5.1,1021.0,0,0.0
2024-06-18,北京,24.7,53.2,2.7,1009.9,0,0.0
2024-06-18,上海,28.2,78.3,2.6,1022.3,0,0.0
2024-06-18,广州,35.9,73.7,3.7,1016.5,1,9.2
2024-06-18,成都,35.3,70.1,2.3,1015.2,1,21.4
2024-06-18,哈尔滨,19.3,52.7,2.6,1005.8,0,0.0
2024-06-19,北京,24.2,57.9,1.1,1013.1,0,0.0
2024-06-19,上海,29.1,77.8,4.4,1016.9,1,20.9
2024-06-19,广州,41.2,89.8,3.5,1018.5,1,14.3
2024-06-19,成都,33.3,57.5,0.7,1011.7,0,0.0
2024-06-19,哈尔滨,16.3,70.2,6.1,1018.0,1,12.3
2024-06-20,北京,27.9,47.4,3.2,1011.3,0,0.0
2024-06-20,上海,33.9,61.1,1.4,1018.8,0,0.0
2024-06-20,广州,36.9,77.9,4.2,1014.8,0,0.0
2024-06-20,成都,32.3,68.9,2.7,1006.9,1,13.2
2024-06-20,哈尔滨,19.0,74.0,4.1,1020.5,1,2.6
2024-06-21,北京,25.2,42.8,0.9,1014.9,0,0.0
2024-06-21,上海,31.9,70.5,1.9,1015.6,1,25.0
2024-06-21,广州,34.4,78.3,1.2,1027.2,1,9.3
2024-06-21,成都,31.3,59.4,2.7,1006.2,0,0.0
2024-06-21,哈尔滨,20.1,76.6,4.0,1011.3,0,0.0
2024-06-22,北京,24.1,53.3,2.4,998.9,0,0.0
2024-06-22,上海,21.5,61.5,2.6,1017.0,1,21.4
2024-06-22,广州,42.5,77.5,2.6,1009.3,0,0.0
2024-06-22,成都,24.6,62.1,3.2,1014.1,0,0.0
2024-06-22,哈尔滨,20.8,67.3,2.0,1011.2,0,0.0
2024-06-23,北京,29.5,55.5,5.1,1009.0,0,0.0
2024-06-23,上海,31.5,59.1,4.1,1006.2,0,0.0
2024-06-23,广州,40.4,67.6,2.2,1020.7,0,0.0
2024-06-23,成都,31.9,71.6,3.2,1008.4,0,0.0
2024-06-23,哈尔滨,13.8,70.1,3.7,1010.4,0,0.0
2024-06-24,北京,26.6,49.1,3.3,1008.2,0,0.0
2024-06-24,上海,34.6,68.2,4.0,1017.8,1,1.3
2024-06-24,广州,36.6,65.1,1.1,1015.3,0,0.0
2024-06-24,成都,31.4,78.1,2.4,1014.6,1,14.3
2024-06-24,哈尔滨,21.9,63.1,4.5,1016.0,0,0.0
2024-06-25,北京,28.1,53.9,1.4,1010.9,0,0.0
2024-06-25,上海,32.3,78.0,2.9,1009.3,1,19.4
2024-06-25,广州,33.9,95.3,4.9,1017.0,1,8.7
2024-06-25,成都,29.2,82.1,4.3,1013.6,0,0.0
2024-06-25,哈尔滨,12.2,39.7,2.2,1014.0,0,0.0
2024-06-26,北京,27.8,43.9,1.2,1019.0,0,0.0
2024-06-26,上海,31.7,67.2,6.3,1009.4,0,0.0
2024-06-26,广州,37.1,73.5,2.7,1010.7,1,0.6
2024-06-26,成都,31.9,82.0,3.5,1018.8,1,12.1
2024-06-26,哈尔滨,18.7,54.5,2.9,1012.1,0,0.0
2024-06-27,北京,26.4,47.4,3.6,1016.6,0,0.0
2024-06-27,上海,30.2,62.8,2.9,1012.5,0,0.0
2024-06-27,广州,36.1,94.4,1.4,1004.6,1,21.7
2024-06-27,成都,29.6,64.1,0.0,1022.3,1,7.9
2024-06-27,哈尔滨,21.4,50.9,3.7,1018.4,0,0.0
2024-06-28,北京,27.4,49.1,3.0,1019.1,0,0.0
2024-06-28,上海,29.5,68.6,2.2,1016.8,0,0.0
2024-06-28,广州,37.6,99,0.3,1012.9,1,22.0
2024-06-28,成都,35.1,58.3,4.9,1014.2,0,0.0
2024-06-28,哈尔滨,22.6,77.4,2.6,1011.2,1,24.0
2024-06-29,北京,23.6,40.9,3.2,1016.7,0,0.0
2024-06-29,上海,37.3,61.0,2.1,1018.5,1,3.5
2024-06-29,广州,31.6,70.4,3.8,1009.7,0,0.0
2024-06-29,成都,29.2,69.2,7.1,1012.6,1,23.3
2024-06-29,哈尔滨,21.1,55.7,0.4,1008.7,0,0.0
2024-06-30,北京,24.2,68.7,2.6,1004.6,0,0.0
2024-06-30,上海,28.1,70.3,0.3,1017.1,0,0.0
2024-06-30,广州,39.0,71.7,3.1,1010.7,1,19.1
2024-06-30,成都,29.0,64.9,2.0,1011.5,1,17.2
2024-06-30,哈尔滨,15.9,71.8,1.2,1013.9,0,0.0
2024-07-01,北京,26.1,40.6,4.0,1008.3,0,0.0
2024-07-01,上海,31.0,67.4,3.0,1012.1,1,10.3
2024-07-01,广州,36.3,45.2,3.0,1011.2,0,0.0
2024-07-01,成都,36.7,68.2,1.7,1013.3,0,0.0
2024-07-01,哈尔滨,18.8,70.2,5.4,1015.1,1,7.8
2024-07-02,北京,22.9,39.4,1.5,1009.6,0,0.0
2024-07-02,上海,31.5,53.2,0.3,1015.8,1,24.9
2024-07-02,广州,33.7,73.8,2.8,1006.6,0,0.0
2024-07-02,成都,30.0,67.7,2.6,1017.9,1,20.7
2024-07-02,哈尔滨,15.6,62.5,2.6,1011.9,0,0.0
2024-07-03,北京,30.2,64.7,0.7,1015.4,1,19.5
2024-07-03,上海,34.9,59.1,4.0,1016.9,0,0.0
2024-07-03,广州,38.4,87.0,2.8,1009.7,1,6.3
2024-07-03,成都,28.3,49.6,3.7,1005.4,0,0.0
2024-07-03,哈尔滨,21.1,67.2,1.8,1017.6,0,0.0
2024-07-04,北京,27.5,38.4,4.4,1011.5,0,0.0
2024-07-04,上海,31.3,43.1,1.0,1010.1,0,0.0
2024-07-04,广州,37.9,70.4,2.6,1007.9,1,19.2
2024-07-04,成都,26.6,74.6,3.6,1014.8,1,15.6
2024-07-04,哈尔滨,18.5,71.1,4.2,1008.1,1,22.1
2024-07-05,北京,26.8,63.3,1.5,1013.8,1,15.0
2024-07-05,上海,30.6,77.6,1.6,1008.6,0,0.0
2024-07-05,广州,38.1,76.7,2.8,1011.9,0,0.0
2024-07-05,成都,27.7,53.5,2.0,1023.7,1,10.4
2024-07-05,哈尔滨,20.5,73.4,1.2,1008.1,0,0.0
2024-07-06,北京,26.9,43.9,1.1,1014.8,0,0.0
2024-07-06,上海,32.6,69.7,2.0,1016.6,1,10.7
2024-07-06,广州,34.1,72.4,4.5,1018.8,1,13.2
2024-07-06,成都,25.9,67.6,2.4,1011.4,0,0.0
2024-07-06,哈尔滨,12.3,38.6,0.7,1013.8,0,0.0
2024-07-07,北京,28.8,49.3,2.0,1010.2,0,0.0
2024-07-07,上海,33.2,64.7,4.3,1017.7,0,0.0
2024-07-07,广州,34.0,66.4,3.9,1019.2,0,0.0
2024-07-07,成都,30.5,69.9,5.1,1014.1,1,21.2
2024-07-07,哈尔滨,21.8,24.7,1.8,1015.3,0,0.0
2024-07-08,北京,26.0,48.9,3.4,1016.9,0,0.0
2024-07-08,上海,29.0,76.1,2.9,1013.5,0,0.0
2024-07-08,广州,33.7,88.5,2.7,1012.2,1,8.3
2024-07-08,成都,28.0,82.7,5.3,1008.5,1,12.0
2024-07-08,哈尔滨,13.9,44.9,1.7,1012.0,0,0.0
2024-07-09,北京,22.0,58.5,3.6,1009.4,0,0.0
2024-07-09,上海,28.7,76.4,3.6,1020.3,0,0.0
2024-07-09,广州,38.4,69.0,4.2,1012.2,1,24.6
2024-07-09,成都,26.2,56.3,1.7,1010.9,0,0.0
2024-07-09,哈尔滨,21.5,47.5,2.6,1008.8,0,0.0
2024-07-10,北京,23.1,56.0,3.1,1018.5,0,0.0
2024-07-10,上海,30.7,73.3,5.0,1018.7,0,0.0
2024-07-10,广州,38.9,69.4,4.7,1013.9,0,0.0
2024-07-10,成都,32.6,91.1,2.8,1006.9,1,3.6
2024-07-10,哈尔滨,22.0,46.6,5.1,1010.1,0,0.0
2024-07-11,北京,25.5,39.1,2.6,1007.1,0,0.0
2024-07-11,上海,34.2,58.7,2.5,1011.8,0,0.0
2024-07-11,广州,39.5,78.5,2.3,1009.4,0,0.0
2024-07-11,成都,27.6,89.5,2.6,1016.0,1,8.0
2024-07-11,哈尔滨,16.7,61.8,3.7,1016.2,1,15.6
2024-07-12,北京,23.9,49.4,2.2,1016.5,0,0.0
2024-07-12,上海,29.3,57.2,3.0,1014.9,0,0.0
2024-07-12,广州,34.2,84.2,4.2,1017.1,1,2.6
2024-07-12,成都,32.9,73.5,3.9,1019.1,0,0.0
2024-07-12,哈尔滨,20.4,46.7,2.0,1010.1,0,0.0
2024-07-13,北京,24.8,35.5,1.0,1010.2,0,0.0
2024-07-13,上海,28.3,66.1,4.3,1002.6,0,0.0
2024-07-13,广州,31.5,79.2,2.6,1007.6,1,5.6
2024-07-13,成都,32.5,59.4,4.3,1010.4,0,0.0
2024-07-13,哈尔滨,15.2,44.8,4.2,1009.3,0,0.0
2024-07-14,北京,23.0,51.4,2.1,1013.7,0,0.0
2024-07-14,上海,28.5,61.8,5.2,1018.6,0,0.0
2024-07-14,广州,33.8,87.9,3.5,1007.0,1,10.3
2024-07-14,成都,27.0,61.3,4.5,1012.2,0,0.0
2024-07-14,哈尔滨,19.3,47.7,3.3,1007.8,0,0.0
2024-07-15,北京,23.5,48.0,2.7,1011.3,0,0.0
2024-07-15,上海,26.6,59.8,1.6,1009.9,0,0.0
2024-07-15,广州,36.5,69.4,3.5,1012.5,1,20.4
2024-07-15,成都,30.1,60.3,0.8,1013.3,1,20.4
2024-07-15,哈尔滨,22.6,45.9,3.0,1012.9,0,0.0
2024-07-16,北京,27.7,59.9,1.5,1017.2,1,17.0
2024-07-16,上海,28.0,76.9,4.1,1010.8,0,0.0
2024-07-16,广州,27.7,86.3,2.6,1014.8,1,24.7
2024-07-16,成都,28.3,73.0,2.6,1017.6,0,0.0
2024-07-16,哈尔滨,22.0,65.1,3.6,1008.7,0,0.0
2024-07-17,北京,26.9,44.5,2.6,1008.2,0,0.0
2024-07-17,上海,27.3,71.6,0.9,1010.9,0,0.0
2024-07-17,广州,36.6,84.1,5.6,1008.6,1,24.9
2024-07-17,成都,28.7,65.3,3.2,1013.4,0,0.0
2024-07-17,哈尔滨,14.2,60.9,3.6,1012.9,0,0.0
2024-07-18,北京,22.5,55.6,3.5,1006.4,0,0.0
2024-07-18,上海,30.8,75.8,1.4,1011.2,1,4.6
2024-07-18,广州,32.2,67.0,3.6,1010.0,0,0.0
2024-07-18,成都,26.1,76.7,0.2,1023.3,0,0.0
2024-07-18,哈尔滨,16.9,55.3,0.7,1013.9,0,0.0
2024-07-19,北京,24.2,21.5,5.6,1012.1,0,0.0
2024-07-19,上海,34.8,74.9,4.4,1016.0,0,0.0
2024-07-19,广州,36.4,74.0,1.2,1006.3,1,1.3
2024-07-19,成都,26.3,84.4,1.2,1014.2,1,18.3
2024-07-19,哈尔滨,10.5,72.1,3.4,1009.1,1,23.1
2024-07-20,北京,25.1,33.9,2.5,1012.3,0,0.0
2024-07-20,上海,29.6,67.8,5.7,1012.4,0,0.0
2024-07-20,广州,34.8,79.0,0.1,1012.7,1,3.3
2024-07-20,成都,27.9,89.4,3.7,1013.2,1,14.8
2024-07-20,哈尔滨,19.0,68.8,3.4,1009.4,0,0.0
2024-07-21,北京,19.6,51.7,3.9,1009.5,0,0.0
2024-07-21,上海,33.2,83.4,4.0,1017.8,0,0.0
2024-07-21,广州,35.2,67.7,1.0,1015.6,1,18.4
2024-07-21,成都,26.5,81.9,3.0,1010.5,1,10.0
2024-07-21,哈尔滨,15.4,75.7,3.0,1006.8,1,17.6
2024-07-22,北京,23.2,50.9,3.2,1012.4,0,0.0
2024-07-22,上海,24.5,69.8,5.2,1011.2,1,22.9
2024-07-22,广州,29.9,56.0,0.1,1017.6,0,0.0
2024-07-22,成都,27.6,76.8,4.8,1017.2,1,19.3
2024-07-22,哈尔滨,16.8,43.7,2.2,1011.3,0,0.0
2024-07-23,北京,24.0,44.1,0.9,1010.8,0,0.0
2024-07-23,上海,30.0,65.3,4.3,1016.3,1,7.1
2024-07-23,广州,34.9,77.1,6.0,1019.4,0,0.0
2024-07-23,成都,32.4,48.9,1.5,1007.0,0,0.0
2024-07-23,哈尔滨,17.7,55.9,1.2,1004.1,0,0.0
2024-07-24,北京,30.8,45.6,2.6,1009.4,0,0.0
2024-07-24,上海,32.5,59.4,4.1,1011.1,0,0.0
2024-07-24,广州,38.8,65.2,2.6,1015.7,1,19.4
2024-07-24,成都,26.5,76.0,6.5,1017.6,1,11.0
2024-07-24,哈尔滨,9.7,61.2,2.3,1011.0,0,0.0
2024-07-25,北京,27.6,63.4,3.4,1020.0,0,0.0
2024-07-25,上海,28.1,60.4,4.8,1015.9,0,0.0
2024-07-25,广州,28.4,82.1,4.3,1018.8,0,0.0
2024-07-25,成都,27.2,63.2,2.0,1002.7,0,0.0
2024-07-25,哈尔滨,9.3,57.7,1.4,1013.3,0,0.0
2024-07-26,北京,25.3,32.8,2.9,1012.9,0,0.0
2024-07-26,上海,29.7,54.6,0.2,1008.2,0,0.0
2024-07-26,广州,33.0,65.8,0.4,1003.7,1,13.4
2024-07-26,成都,29.4,69.0,0.5,1015.1,0,0.0
2024-07-26,哈尔滨,16.6,62.5,2.3,1015.2,0,0.0
2024-07-27,北京,27.5,41.5,2.6,1014.6,0,0.0
2024-07-27,上海,27.9,59.5,3.8,1020.5,0,0.0
2024-07-27,广州,33.0,75.2,1.8,1011.9,0,0.0
2024-07-27,成都,29.8,60.6,3.4,1013.0,1,19.7
2024-07-27,哈尔滨,17.5,61.3,3.8,1006.1,0,0.0
2024-07-28,北京,21.3,31.7,4.2,1018.3,0,0.0
2024-07-28,上海,29.6,66.3,2.0,1008.4,0,0.0
2024-07-28,广州,38.4,79.4,3.6,1015.2,1,7.7
2024-07-28,成都,28.8,59.4,4.0,1018.9,0,0.0
2024-07-28,哈尔滨,18.7,67.3,3.3,1009.6,0,0.0
2024-07-29,北京,18.9,58.2,5.2,1012.2,0,0.0
2024-07-29,上海,31.7,63.0,4.9,1020.2,0,0.0
2024-07-29,广州,34.1,61.6,2.6,1015.2,1,10.4
2024-07-29,成都,26.5,58.0,0.2,1017.3,1,2.5
2024-07-29,哈尔滨,18.2,48.7,3.0,1012.1,0,0.0
2024-07-30,北京,25.5,50.3,4.8,1016.9,0,0.0
2024-07-30,上海,22.9,74.1,3.3,1005.4,1,16.0
2024-07-30,广州,30.6,73.5,4.9,1010.4,1,4.5
2024-07-30,成都,20.3,70.0,1.2,1006.7,1,0.1
2024-07-30,哈尔滨,15.8,65.0,2.3,1012.6,0,0.0
2024-07-31,北京,23.7,37.6,3.5,1021.4,0,0.0
2024-07-31,上海,27.1,71.5,3.7,1005.7,0,0.0
2024-07-31,广州,31.6,76.0,2.8,1011.7,0,0.0
2024-07-31,成都,26.8,80.4,1.6,1020.8,0,0.0
2024-07-31,哈尔滨,20.2,64.4,3.8,1011.6,0,0.0
2024-08-01,北京,21.8,50.5,4.9,1008.1,0,0.0
2024-08-01,上海,26.4,70.9,2.4,1009.0,0,0.0
2024-08-01,广州,32.7,79.0,2.8,1002.9,1,5.5
2024-08-01,成都,23.9,72.1,3.6,1011.2,0,0.0
2024-08-01,哈尔滨,12.4,62.8,4.6,1019.0,0,0.0
2024-08-02,北京,25.1,49.0,4.6,1018.5,0,0.0
2024-08-02,上海,31.0,79.8,2.1,1013.8,1,22.2
2024-08-02,广州,28.9,64.3,1.7,1007.8,1,24.3
2024-08-02,成都,27.9,66.6,4.1,1008.5,0,0.0
2024-08-02,哈尔滨,10.3,49.6,2.6,1021.0,0,0.0
2024-08-03,北京,23.0,58.9,0.2,1008.0,0,0.0
2024-08-03,上海,29.3,75.5,7.2,1013.4,1,11.8
2024-08-03,广州,33.0,72.4,1.3,1011.9,0,0.0
2024-08-03,成都,28.4,60.1,3.1,1019.4,1,18.3
2024-08-03,哈尔滨,16.5,58.3,2.4,1019.9,1,12.0
2024-08-04,北京,21.2,64.7,4.6,1006.5,1,11.4
2024-08-04,上海,27.6,44.8,0.8,1017.9,0,0.0
2024-08-04,广州,28.6,78.2,3.4,1011.5,0,0.0
2024-08-04,成都,26.4,72.2,1.9,1014.8,0,0.0
2024-08-04,哈尔滨,9.6,55.3,3.1,1011.0,0,0.0
2024-08-05,北京,22.5,46.7,5.1,1010.5,0,0.0
2024-08-05,上海,28.8,71.1,2.0,1009.8,1,14.0
2024-08-05,广州,36.9,81.4,4.2,1026.5,1,2.8
2024-08-05,成都,19.6,73.2,0.3,1006.9,1,18.6
2024-08-05,哈尔滨,15.0,69.2,2.8,1020.5,1,1.6
2024-08-06,北京,20.4,59.5,2.2,1012.6,0,0.0
2024-08-06,上海,24.8,53.9,2.5,1019.7,0,0.0
2024-08-06,广州,37.5,68.9,3.5,1012.3,0,0.0
2024-08-06,成都,25.2,71.1,4.0,1010.5,0,0.0
2024-08-06,哈尔滨,16.3,65.1,2.4,1007.5,0,0.0
2024-08-07,北京,18.0,48.2,1.9,1025.7,0,0.0
2024-08-07,上海,28.1,71.8,1.0,1015.5,1,1.6
2024-08-07,广州,33.7,69.8,5.0,1010.7,0,0.0
2024-08-07,成都,23.8,82.0,2.1,1019.0,0,0.0
2024-08-07,哈尔滨,16.0,50.9,2.7,1015.5,0,0.0
2024-08-08,北京,23.1,56.8,1.0,1014.3,0,0.0
2024-08-08,上海,28.7,67.7,2.1,1013.8,0,0.0
2024-08-08,广州,31.4,67.0,5.8,1011.4,0,0.0
2024-08-08,成都,25.2,65.0,3.0,1014.4,0,0.0
2024-08-08,哈尔滨,15.7,65.5,3.8,1018.9,1,7.9
2024-08-09,北京,20.2,58.0,2.1,1012.3,0,0.0
2024-08-09,上海,28.5,60.1,2.2,1013.0,0,0.0
2024-08-09,广州,31.7,75.8,2.7,999.4,1,17.6
2024-08-09,成都,23.4,71.4,7.0,1008.2,0,0.0
2024-08-09,哈尔滨,16.2,70.3,4.4,1010.0,0,0.0
2024-08-10,北京,20.9,28.7,4.2,1017.9,0,0.0
2024-08-10,上海,20.9,76.1,2.4,1013.7,1,16.0
2024-08-10,广州,29.8,71.5,4.1,1011.4,1,13.5
2024-08-10,成都,21.4,75.0,4.5,1016.1,1,7.9
2024-08-10,哈尔滨,8.0,45.3,4.2,1010.4,0,0.0
2024-08-11,北京,23.2,42.4,2.1,1015.9,0,0.0
2024-08-11,上海,31.5,62.1,5.1,1017.2,0,0.0
2024-08-11,广州,36.8,74.2,2.3,1021.8,0,0.0
2024-08-11,成都,19.8,79.8,4.3,1018.1,1,5.2
2024-08-11,哈尔滨,7.5,63.2,3.6,1012.8,0,0.0
2024-08-12,北京,21.3,45.7,0.2,1019.0,0,0.0
2024-08-12,上海,20.8,59.6,3.0,1010.3,1,9.5
2024-08-12,广州,30.4,74.0,4.3,1004.6,1,14.0
2024-08-12,成都,24.5,70.5,4.2,1013.1,0,0.0
2024-08-12,哈尔滨,14.9,50.2,1.2,1004.3,0,0.0
2024-08-13,北京,16.5,50.8,3.0,1015.5,0,0.0
2024-08-13,上海,26.1,64.9,2.9,1006.4,0,0.0
2024-08-13,广州,33.9,64.6,0.7,1014.2,1,12.8
2024-08-13,成都,19.9,61.2,3.3,1014.5,0,0.0
2024-08-13,哈尔滨,14.2,56.3,3.6,1016.4,0,0.0
2024-08-14,北京,23.2,45.1,2.5,1018.9,0,0.0
2024-08-14,上海,19.7,63.5,3.3,1015.0,0,0.0
2024-08-14,广州,25.0,69.5,4.1,1006.3,1,17.1
2024-08-14,成都,24.3,65.8,0.6,1008.5,1,13.0
2024-08-14,哈尔滨,10.4,68.2,1.2,1022.3,1,3.9
2024-08-15,北京,21.0,56.4,4.7,1008.8,0,0.0
2024-08-15,上海,21.0,63.0,0.6,1010.3,1,11.5
2024-08-15,广州,35.5,83.5,4.5,1010.4,1,9.1
2024-08-15,成都,27.2,50.8,0.9,1008.1,0,0.0
2024-08-15,哈尔滨,12.4,57.7,3.4,1009.7,0,0.0
2024-08-16,北京,21.7,55.6,3.6,1014.9,1,17.3
2024-08-16,上海,24.6,61.1,3.4,1004.7,1,2.7
2024-08-16,广州,31.4,63.4,3.7,1013.9,1,1.7
2024-08-16,成都,21.9,55.4,3.7,1002.0,0,0.0
2024-08-16,哈尔滨,14.0,56.3,2.6,1014.8,0,0.0
2024-08-17,北京,27.0,41.3,2.5,1015.4,0,0.0
2024-08-17,上海,23.9,57.6,2.4,1012.0,0,0.0
2024-08-17,广州,32.3,75.6,3.4,1016.8,0,0.0
2024-08-17,成都,16.3,63.8,3.8,1015.0,0,0.0
2024-08-17,哈尔滨,11.4,50.8,1.6,1010.1,0,0.0
2024-08-18,北京,21.1,58.5,2.2,1015.4,0,0.0
2024-08-18,上海,30.5,83.8,3.5,1014.7,1,19.1
2024-08-18,广州,28.9,62.7,4.3,1014.1,1,7.1
2024-08-18,成都,21.9,64.9,4.6,1012.2,0,0.0
2024-08-18,哈尔滨,10.5,79.0,3.2,1014.8,0,0.0
2024-08-19,北京,15.3,52.3,5.4,1029.5,0,0.0
2024-08-19,上海,26.3,71.6,2.7,1011.2,1,10.0
2024-08-19,广州,28.6,72.5,6.7,1006.8,1,24.4
2024-08-19,成都,21.6,81.4,3.8,1012.8,0,0.0
2024-08-19,哈尔滨,11.4,52.0,2.5,1006.6,0,0.0
2024-08-20,北京,20.6,36.1,1.6,1016.3,0,0.0
2024-08-20,上海,20.7,71.5,2.5,1021.4,1,6.3
2024-08-20,广州,25.3,75.2,3.5,1014.7,1,1.7
2024-08-20,成都,20.0,45.9,1.3,1018.1,0,0.0
2024-08-20,哈尔滨,10.5,56.9,5.2,1016.9,0,0.0
2024-08-21,北京,19.8,43.5,2.1,1008.1,0,0.0
2024-08-21,上海,20.0,81.5,0.5,1009.4,1,10.8
2024-08-21,广州,31.8,70.0,2.4,1017.5,0,0.0
2024-08-21,成都,27.0,72.6,3.8,1009.7,0,0.0
2024-08-21,哈尔滨,9.7,60.3,2.6,1007.4,1,16.9
2024-08-22,北京,16.6,37.2,1.5,1010.5,0,0.0
2024-08-22,上海,20.1,64.6,1.0,1013.4,0,0.0
2024-08-22,广州,24.1,97.0,2.8,1014.1,1,20.9
2024-08-22,成都,20.2,83.4,6.1,1014.8,1,2.4
2024-08-22,哈尔滨,9.5,67.8,1.7,1018.9,1,16.2
2024-08-23,北京,13.3,37.9,4.2,1014.7,0,0.0
2024-08-23,上海,25.5,66.1,0.1,1015.4,0,0.0
2024-08-23,广州,30.8,70.4,2.3,1006.7,0,0.0
2024-08-23,成都,20.7,76.9,0.6,1009.0,1,16.9
2024-08-23,哈尔滨,9.0,70.1,3.1,1008.5,0,0.0
2024-08-24,北京,16.5,58.1,0.1,1013.2,0,0.0
2024-08-24,上海,24.6,54.6,2.9,1014.5,0,0.0
2024-08-24,广州,26.9,79.1,3.0,1010.8,0,0.0
2024-08-24,成都,24.9,75.1,5.5,1016.7,1,5.2
2024-08-24,哈尔滨,11.8,46.1,2.1,1021.6,0,0.0
2024-08-25,北京,16.4,48.3,1.3,1017.0,0,0.0
2024-08-25,上海,22.5,58.7,5.3,1013.9,0,0.0
2024-08-25,广州,26.5,71.8,5.4,1011.1,0,0.0
2024-08-25,成都,25.8,65.3,1.1,1007.4,0,0.0
2024-08-25,哈尔滨,6.5,54.3,1.6,1012.3,0,0.0
2024-08-26,北京,20.8,62.3,2.5,1018.1,0,0.0
2024-08-26,上海,22.7,61.8,3.4,1017.9,0,0.0
2024-08-26,广州,26.7,68.9,1.8,1010.0,1,4.8
2024-08-26,成都,22.3,88.7,1.1,1014.4,1,16.2
2024-08-26,哈尔滨,11.9,61.4,3.8,1015.9,0,0.0
2024-08-27,北京,16.9,44.8,5.3,1002.7,0,0.0
2024-08-27,上海,27.8,67.5,4.8,1016.4,0,0.0
2024-08-27,广州,30.4,69.0,1.6,1018.5,1,23.6
2024-08-27,成都,21.6,64.6,4.9,1018.3,0,0.0
2024-08-27,哈尔滨,4.3,57.4,6.3,1009.4,0,0.0
2024-08-28,北京,19.3,45.1,5.0,1019.3,0,0.0
2024-08-28,上海,19.1,60.0,3.0,1009.3,0,0.0
2024-08-28,广州,28.8,79.9,4.6,1012.0,1,14.7
2024-08-28,成都,18.8,70.6,4.2,1011.6,0,0.0
2024-08-28,哈尔滨,6.5,36.6,5.6,1004.9,0,0.0
2024-08-29,北京,16.2,31.9,6.9,1014.7,0,0.0
2024-08-29,上海,23.8,52.6,5.1,1010.2,0,0.0
2024-08-29,广州,27.7,87.7,1.6,1024.7,1,20.3
2024-08-29,成都,25.8,83.9,3.9,1009.1,0,0.0
2024-08-29,哈尔滨,2.9,77.2,3.0,1015.2,0,0.0
2024-08-30,北京,17.4,56.8,5.6,1005.9,0,0.0
2024-08-30,上海,24.9,53.3,2.7,1013.7,0,0.0
2024-08-30,广州,30.3,53.7,1.5,1013.9,0,0.0
2024-08-30,成都,19.9,50.0,4.2,1004.6,0,0.0
2024-08-30,哈尔滨,6.4,59.6,0.8,1007.5,0,0.0
2024-08-31,北京,16.3,50.7,5.0,1015.3,0,0.0
2024-08-31,上海,21.4,59.8,1.3,1017.1,0,0.0
2024-08-31,广州,28.5,77.9,0.9,1011.6,0,0.0
2024-08-31,成都,21.4,50.7,2.0,1004.8,0,0.0
2024-08-31,哈尔滨,4.1,62.2,2.8,1020.6,0,0.0
2024-09-01,北京,17.3,43.7,2.2,1014.6,0,0.0
2024-09-01,上海,26.6,57.9,3.6,1025.0,0,0.0
2024-09-01,广州,24.2,63.8,6.4,1005.5,1,17.5
2024-09-01,成都,22.2,78.8,1.9,1014.7,1,9.2
2024-09-01,哈尔滨,10.1,58.4,2.7,1007.8,0,0.0
2024-09-02,北京,12.1,54.3,4.7,1018.4,0,0.0
2024-09-02,上海,23.8,51.7,2.6,1018.7,0,0.0
2024-09-02,广州,29.0,64.4,4.2,1012.9,0,0.0
2024-09-02,成都,17.8,75.0,3.8,1016.3,1,15.4
2024-09-02,哈尔滨,10.9,54.7,2.3,1007.9,1,3.3
2024-09-03,北京,14.2,63.8,2.1,1005.7,0,0.0
2024-09-03,上海,20.0,57.3,3.4,1014.0,0,0.0
2024-09-03,广州,26.8,96.8,6.6,1012.8,0,0.0
2024-09-03,成都,16.1,60.4,4.1,1014.1,0,0.0
2024-09-03,哈尔滨,7.2,69.5,0.3,1022.5,0,0.0
2024-09-04,北京,13.9,46.2,0.5,1012.7,0,0.0
2024-09-04,上海,21.7,71.4,2.2,1012.5,1,1.1
2024-09-04,广州,30.2,89.6,4.3,1005.9,0,0.0
2024-09-04,成都,18.7,90.0,1.1,1007.5,1,7.8
2024-09-04,哈尔滨,10.0,54.6,5.5,1012.7,0,0.0
2024-09-05,北京,18.4,38.3,3.1,1011.4,0,0.0
2024-09-05,上海,19.8,67.7,2.8,1020.8,0,0.0
2024-09-05,广州,32.6,74.3,4.4,1014.2,0,0.0
2024-09-05,成都,16.2,71.1,4.7,1004.7,1,2.3
2024-09-05,哈尔滨,9.0,55.3,3.9,1018.2,0,0.0
2024-09-06,北京,18.5,41.6,0.5,1006.3,0,0.0
2024-09-06,上海,16.6,60.5,5.3,1017.0,0,0.0
2024-09-06,广州,26.0,73.5,2.1,1006.1,1,14.8
2024-09-06,成都,24.9,64.3,3.4,1014.7,0,0.0
2024-09-06,哈尔滨,5.7,50.7,4.9,1011.1,1,24.2
2024-09-07,北京,11.1,29.6,1.9,1020.2,0,0.0
2024-09-07,上海,23.0,61.6,3.1,1014.5,0,0.0
2024-09-07,广州,24.8,78.0,6.3,1018.3,1,10.0
2024-09-07,成都,22.6,93.3,3.4,1011.4,1,4.1
2024-09-07,哈尔滨,7.7,52.0,3.0,1005.7,0,0.0
2024-09-08,北京,11.8,50.6,3.4,1009.0,0,0.0
2024-09-08,上海,22.0,75.9,3.9,1007.8,1,22.1
2024-09-08,广州,21.1,76.9,0.8,1016.9,0,0.0
2024-09-08,成都,16.5,63.0,2.6,1013.6,0,0.0
2024-09-08,哈尔滨,4.9,61.6,2.7,1010.3,0,0.0
2024-09-09,北京,12.2,41.1,2.6,1018.2,0,0.0
2024-09-09,上海,17.0,65.8,5.3,1020.8,0,0.0
2024-09-09,广州,22.2,73.8,3.6,1013.6,1,2.7
2024-09-09,成都,17.5,72.0,2.0,1007.5,1,6.4
2024-09-09,哈尔滨,9.8,65.8,4.7,1017.8,1,4.6
2024-09-10,北京,13.5,52.6,3.9,1010.1,0,0.0
2024-09-10,上海,14.2,69.2,2.2,1010.2,0,0.0
2024-09-10,广州,25.8,70.3,4.0,1020.6,0,0.0
2024-09-10,成都,19.4,66.6,2.8,1012.9,1,4.3
2024-09-10,哈尔滨,1.9,62.2,5.6,1003.5,0,0.0
2024-09-11,北京,10.0,51.2,4.4,1012.2,0,0.0
2024-09-11,上海,17.1,55.7,2.7,1015.4,1,2.8
2024-09-11,广州,32.1,77.6,3.7,1010.3,0,0.0
2024-09-11,成都,16.3,61.4,1.1,1006.7,1,7.5
2024-09-11,哈尔滨,2.9,62.6,3.9,1013.4,1,17.6
2024-09-12,北京,17.2,47.5,4.3,1007.9,0,0.0
2024-09-12,上海,12.8,57.0,3.2,1013.2,0,0.0
2024-09-12,广州,22.0,47.9,4.4,1006.3,0,0.0
2024-09-12,成都,15.6,67.2,1.3,1013.5,0,0.0
2024-09-12,哈尔滨,2.5,50.3,3.7,1007.7,0,0.0
2024-09-13,北京,10.6,48.1,2.8,1014.7,0,0.0
2024-09-13,上海,14.7,70.6,0.5,1013.4,1,17.4
2024-09-13,广州,26.1,76.1,3.5,1017.3,1,5.5
2024-09-13,成都,20.0,65.1,0.7,1007.2,0,0.0
2024-09-13,哈尔滨,7.4,66.1,2.1,1000.7,0,0.0
2024-09-14,北京,11.1,35.6,3.8,1004.4,0,0.0
2024-09-14,上海,15.7,59.4,3.0,1005.6,1,5.0
2024-09-14,广州,22.3,72.2,1.1,1021.0,1,5.2
2024-09-14,成都,18.0,70.6,4.0,1009.8,1,20.7
2024-09-14,哈尔滨,6.0,58.4,4.5,1015.1,0,0.0
2024-09-15,北京,14.7,54.9,2.9,1017.6,0,0.0
2024-09-15,上海,23.0,70.9,2.9,1015.8,0,0.0
2024-09-15,广州,18.7,73.6,2.1,1002.0,1,11.4
2024-09-15,成都,18.0,65.9,4.6,1017.2,0,0.0
2024-09-15,哈尔滨,10.4,54.0,3.7,1013.6,0,0.0
2024-09-16,北京,17.4,34.0,3.7,1016.5,0,0.0
2024-09-16,上海,12.0,64.4,4.8,1017.2,0,0.0
2024-09-16,广州,26.7,89.8,1.6,1014.9,1,6.1
2024-09-16,成都,17.9,61.5,2.4,1012.9,0,0.0
2024-09-16,哈尔滨,5.0,50.5,2.6,1010.5,0,0.0
2024-09-17,北京,10.7,53.4,3.5,1008.1,0,0.0
2024-09-17,上海,11.0,70.0,3.4,1008.4,1,3.6
2024-09-17,广州,28.1,76.1,3.6,1012.3,1,24.5
2024-09-17,成都,17.2,73.1,3.1,1005.7,0,0.0
2024-09-17,哈尔滨,5.5,58.0,1.4,1007.2,0,0.0
2024-09-18,北京,9.9,49.0,1.1,1017.4,0,0.0
2024-09-18,上海,14.7,80.5,3.2,1012.7,1,13.2
2024-09-18,广州,26.5,67.6,2.0,1014.1,0,0.0
2024-09-18,成都,17.4,55.9,2.0,1003.1,0,0.0
2024-09-18,哈尔滨,2.7,63.7,2.9,1014.3,0,0.0
2024-09-19,北京,11.4,33.8,6.3,1024.0,0,0.0
2024-09-19,上海,19.3,72.0,0.5,1011.9,1,0.7
2024-09-19,广州,23.3,62.2,3.1,1021.6,0,0.0
2024-09-19,成都,17.6,69.6,4.3,1014.8,0,0.0
2024-09-19,哈尔滨,3.6,62.5,2.5,1010.9,0,0.0
2024-09-20,北京,11.6,39.1,5.7,1012.0,0,0.0
2024-09-20,上海,10.0,56.5,1.7,1008.6,0,0.0
2024-09-20,广州,20.4,81.6,3.5,1005.3,0,0.0
2024-09-20,成都,15.1,58.2,3.0,1017.5,0,0.0
2024-09-20,哈尔滨,5.1,51.5,4.9,1017.6,0,0.0
2024-09-21,北京,12.5,51.8,4.3,1009.3,0,0.0
2024-09-21,上海,13.1,73.9,1.5,1009.8,1,6.6
2024-09-21,广州,18.5,75.1,0.2,1017.3,1,24.3
2024-09-21,成都,16.4,65.0,4.6,1018.6,1,17.6
2024-09-21,哈尔滨,4.6,56.2,3.4,1018.5,0,0.0
2024-09-22,北京,14.1,46.7,4.9,1011.0,0,0.0
2024-09-22,上海,18.2,74.0,3.8,1013.7,1,24.8
2024-09-22,广州,20.2,85.9,3.2,1010.3,1,1.2
2024-09-22,成都,20.3,57.1,3.6,1022.0,0,0.0
2024-09-22,哈尔滨,5.4,66.4,4.1,1009.2,0,0.0
2024-09-23,北京,5.2,41.4,3.3,1007.4,0,0.0
2024-09-23,上海,11.1,54.6,1.3,1012.8,0,0.0
2024-09-23,广州,15.4,81.3,1.8,1021.0,0,0.0
2024-09-23,成都,13.3,73.9,1.5,1016.8,0,0.0
2024-09-23,哈尔滨,6.9,49.6,1.2,1005.0,0,0.0
2024-09-24,北京,6.0,42.2,2.5,1006.8,0,0.0
2024-09-24,上海,13.0,62.6,1.6,1008.6,1,14.3
2024-09-24,广州,22.1,85.6,3.6,1011.5,0,0.0
2024-09-24,成都,15.1,71.8,3.3,1009.3,0,0.0
2024-09-24,哈尔滨,5.3,53.0,3.7,1006.6,0,0.0
2024-09-25,北京,16.3,55.6,4.6,1013.8,0,0.0
2024-09-25,上海,16.2,58.3,3.0,1015.5,1,4.2
2024-09-25,广州,22.0,81.0,4.1,1015.3,1,4.2
2024-09-25,成都,12.6,64.2,3.5,1013.3,0,0.0
2024-09-25,哈尔滨,1.3,69.3,2.3,1017.3,0,0.0
2024-09-26,北京,11.8,54.6,3.0,1006.4,0,0.0
2024-09-26,上海,14.4,55.1,3.4,1014.2,0,0.0
2024-09-26,广州,17.4,81.3,2.1,1015.0,0,0.0
2024-09-26,成都,13.4,95.5,2.5,1009.6,1,19.6
2024-09-26,哈尔滨,1.3,69.6,4.8,1016.6,1,24.2
2024-09-27,北京,4.0,70.8,3.4,1006.9,0,0.0
2024-09-27,上海,16.9,59.2,4.7,1013.0,0,0.0
2024-09-27,广州,18.1,99,6.5,1013.0,1,14.9
2024-09-27,成都,15.6,61.7,1.7,1018.7,0,0.0
2024-09-27,哈尔滨,1.2,59.8,2.9,1006.6,0,0.0
2024-09-28,北京,8.6,53.1,4.2,1017.9,0,0.0
2024-09-28,上海,10.1,70.7,4.3,1011.8,0,0.0
2024-09-28,广州,18.5,81.5,3.0,1007.5,1,24.6
2024-09-28,成都,12.0,79.3,2.8,1012.5,0,0.0
2024-09-28,哈尔滨,1.7,59.5,0.2,1014.6,0,0.0
2024-09-29,北京,4.1,61.0,2.3,1004.9,0,0.0
2024-09-29,上海,14.6,50.9,3.3,1013.6,0,0.0
2024-09-29,广州,17.4,61.8,1.3,1020.3,0,0.0
2024-09-29,成都,12.4,74.9,3.3,1005.3,1,11.6
2024-09-29,哈尔滨,4.6,55.8,3.1,1014.0,0,0.0
2024-09-30,北京,11.8,45.5,4.7,1016.7,0,0.0
2024-09-30,上海,12.9,57.8,1.6,1013.2,0,0.0
2024-09-30,广州,23.2,66.2,3.3,1016.2,0,0.0
2024-09-30,成都,8.5,82.3,1.4,1010.5,1,16.5
2024-09-30,哈尔滨,-2.9,53.9,2.5,1012.3,0,0.0
2024-10-01,北京,11.2,53.1,2.0,1011.5,0,0.0
2024-10-01,上海,13.4,58.6,1.0,999.0,0,0.0
2024-10-01,广州,16.8,73.4,1.5,1011.0,0,0.0
2024-10-01,成都,8.5,51.5,6.4,1016.8,0,0.0
2024-10-01,哈尔滨,3.4,59.8,2.3,1007.9,0,0.0
2024-10-02,北京,9.1,29.3,3.2,1017.0,0,0.0
2024-10-02,上海,12.5,65.3,3.2,1014.9,0,0.0
2024-10-02,广州,23.6,77.6,4.6,1012.3,1,6.2
2024-10-02,成都,14.1,77.4,2.5,1011.4,1,20.2
2024-10-02,哈尔滨,-2.7,52.3,2.4,1016.3,0,0.0
2024-10-03,北京,8.7,59.1,4.3,1014.5,0,0.0
2024-10-03,上海,17.4,59.0,1.1,1007.2,0,0.0
2024-10-03,广州,17.4,73.0,3.4,1013.5,1,21.2
2024-10-03,成都,14.0,72.1,4.4,1010.4,1,15.7
2024-10-03,哈尔滨,4.7,66.0,1.8,1011.5,0,0.0
2024-10-04,北京,12.4,59.5,3.2,1019.7,0,0.0
2024-10-04,上海,15.2,65.7,3.9,1003.1,0,0.0
2024-10-04,广州,14.5,94.9,3.3,1007.6,1,4.8
2024-10-04,成都,15.5,78.1,5.4,1016.6,1,14.3
2024-10-04,哈尔滨,-1.2,54.2,0.9,1016.8,0,0.0
2024-10-05,北京,8.3,67.8,4.2,1014.6,0,0.0
2024-10-05,上海,16.9,60.8,1.8,1022.6,0,0.0
2024-10-05,广州,19.6,81.9,2.2,1017.0,1,14.7
2024-10-05,成都,11.6,66.9,0.2,1012.6,0,0.0
2024-10-05,哈尔滨,-1.7,63.1,4.0,1023.4,0,0.0
2024-10-06,北京,5.4,62.5,1.6,999.7,0,0.0
2024-10-06,上海,9.9,76.5,5.0,1011.4,1,4.1
2024-10-06,广州,12.7,80.0,4.0,1013.9,1,5.6
2024-10-06,成都,12.3,83.9,3.2,1021.1,0,0.0
2024-10-06,哈尔滨,-2.6,74.3,3.3,1016.1,0,0.0
2024-10-07,北京,6.8,53.0,3.7,1013.5,0,0.0
2024-10-07,上海,12.9,77.5,3.0,1011.5,1,4.9
2024-10-07,广州,20.4,93.5,2.7,1008.5,1,4.5
2024-10-07,成都,17.3,72.6,3.3,1012.5,0,0.0
2024-10-07,哈尔滨,-4.3,72.1,5.7,1020.5,1,6.0
2024-10-08,北京,8.9,36.3,6.8,1008.0,0,0.0
2024-10-08,上海,15.8,51.1,3.8,1014.1,0,0.0
2024-10-08,广州,17.8,68.7,2.0,1016.4,0,0.0
2024-10-08,成都,13.5,68.9,5.0,1015.0,1,13.4
2024-10-08,哈尔滨,-0.0,51.4,5.5,1015.9,0,0.0
2024-10-09,北京,11.8,28.9,3.8,1010.7,0,0.0
2024-10-09,上海,6.7,67.7,4.6,1015.4,0,0.0
2024-10-09,广州,14.9,65.6,1.3,1013.0,0,0.0
2024-10-09,成都,7.8,81.0,2.6,1007.3,1,10.0
2024-10-09,哈尔滨,2.6,53.7,4.0,1013.8,0,0.0
2024-10-10,北京,8.8,42.4,1.9,1022.8,0,0.0
2024-10-10,上海,13.5,61.2,2.2,1012.2,1,11.1
2024-10-10,广州,14.4,85.6,1.0,1014.5,1,11.7
2024-10-10,成都,6.3,79.8,2.4,1017.5,1,5.8
2024-10-10,哈尔滨,-2.9,52.5,5.5,1017.8,0,0.0
2024-10-11,北京,3.3,36.2,3.6,1012.0,0,0.0
2024-10-11,上海,12.5,66.6,3.4,1017.2,1,20.4
2024-10-11,广州,15.6,67.7,1.5,996.1,0,0.0
2024-10-11,成都,10.6,53.6,3.2,1012.7,0,0.0
2024-10-11,哈尔滨,0.9,44.3,1.7,1015.9,0,0.0
2024-10-12,北京,4.4,40.6,0.5,1012.3,0,0.0
2024-10-12,上海,8.6,69.3,3.0,1007.3,0,0.0
2024-10-12,广州,17.5,58.6,2.7,1007.5,0,0.0
2024-10-12,成都,9.6,76.0,3.3,1005.3,1,11.2
2024-10-12,哈尔滨,-4.4,56.5,2.3,1011.8,0,0.0
2024-10-13,北京,11.6,51.1,3.7,1009.1,0,0.0
2024-10-13,上海,8.9,55.7,3.3,1006.9,0,0.0
2024-10-13,广州,21.3,77.6,3.8,1011.6,0,0.0
2024-10-13,成都,8.1,82.3,1.4,1008.9,0,0.0
2024-10-13,哈尔滨,0.1,59.2,1.6,1016.9,0,0.0
2024-10-14,北京,8.9,58.2,0.0,1016.2,1,2.6
2024-10-14,上海,9.1,64.2,2.4,1007.6,1,1.7
2024-10-14,广州,18.2,73.1,3.2,1020.3,1,1.4
2024-10-14,成都,8.0,69.3,4.0,1009.0,1,2.8
2024-10-14,哈尔滨,-5.5,57.4,6.4,1018.2,0,0.0
2024-10-15,北京,7.0,54.9,0.9,1016.2,0,0.0
2024-10-15,上海,4.0,50.6,1.5,1009.9,0,0.0
2024-10-15,广州,15.6,76.2,3.3,1014.4,1,20.2
2024-10-15,成都,3.1,66.4,4.2,1009.2,0,0.0
2024-10-15,哈尔滨,-2.6,51.8,4.2,1009.2,0,0.0
2024-10-16,北京,4.8,41.8,0.9,1007.1,0,0.0
2024-10-16,上海,9.4,86.5,2.8,1007.5,0,0.0
2024-10-16,广州,17.0,86.8,0.2,1020.5,1,21.8
2024-10-16,成都,8.8,83.9,2.1,1023.8,0,0.0
2024-10-16,哈尔滨,-3.0,53.1,1.7,1013.6,0,0.0
2024-10-17,北京,6.4,49.9,5.0,1018.2,0,0.0
2024-10-17,上海,7.0,67.3,1.3,1012.8,1,17.4
2024-10-17,广州,15.2,65.2,2.9,1003.2,0,0.0
2024-10-17,成都,10.6,70.3,4.2,1010.8,0,0.0
2024-10-17,哈尔滨,-4.0,60.4,1.9,1011.9,0,0.0
2024-10-18,北京,8.5,64.3,3.5,1010.4,1,2.5
2024-10-18,上海,7.9,76.9,2.5,1014.3,0,0.0
2024-10-18,广州,14.2,69.8,2.3,1015.7,1,16.9
2024-10-18,成都,9.9,85.1,4.4,1005.2,1,17.9
2024-10-18,哈尔滨,-0.7,54.0,2.8,1014.5,1,19.3
2024-10-19,北京,5.4,27.1,2.2,1015.6,0,0.0
2024-10-19,上海,0.7,79.2,2.5,1015.8,0,0.0
2024-10-19,广州,15.8,95.3,3.8,1004.0,1,4.2
2024-10-19,成都,7.5,72.4,2.1,1018.7,1,5.2
2024-10-19,哈尔滨,-10.1,53.9,3.8,1015.4,0,0.0
2024-10-20,北京,5.9,59.0,2.4,1017.5,0,0.0
2024-10-20,上海,13.5,72.4,2.2,1009.1,1,5.5
2024-10-20,广州,13.2,87.8,3.7,1012.8,1,24.8
2024-10-20,成都,9.6,65.0,5.0,1011.3,0,0.0
2024-10-20,哈尔滨,-5.0,45.8,5.3,1011.7,0,0.0
2024-10-21,北京,0.2,34.4,1.8,1021.9,0,0.0
2024-10-21,上海,6.2,76.8,1.7,1010.5,0,0.0
2024-10-21,广州,14.7,88.2,4.1,1012.7,1,22.4
2024-10-21,成都,6.5,85.3,3.1,1006.1,1,9.4
2024-10-21,哈尔滨,-4.2,65.5,3.1,1014.3,0,0.0
2024-10-22,北京,-1.9,36.0,2.9,1008.5,0,0.0
2024-10-22,上海,4.9,51.7,1.1,1011.2,0,0.0
2024-10-22,广州,13.9,77.1,3.8,1009.3,1,13.5
2024-10-22,成都,11.7,61.8,3.0,1020.6,0,0.0
2024-10-22,哈尔滨,-6.2,53.8,2.3,1017.9,1,21.7
2024-10-23,北京,5.6,52.8,2.4,1010.9,0,0.0
2024-10-23,上海,11.2,72.3,4.7,1002.9,1,2.0
2024-10-23,广州,13.4,66.5,2.8,1009.3,1,6.2
2024-10-23,成都,7.1,80.6,2.2,1010.0,0,0.0
2024-10-23,哈尔滨,2.9,72.9,2.3,1014.8,1,12.6
2024-10-24,北京,3.1,33.2,4.1,1005.0,0,0.0
2024-10-24,上海,3.3,78.3,3.2,1001.7,0,0.0
2024-10-24,广州,16.4,88.2,2.9,1018.6,1,9.4
2024-10-24,成都,6.7,67.6,4.1,1017.3,1,4.7
2024-10-24,哈尔滨,-0.9,60.9,2.7,1007.3,0,0.0
2024-10-25,北京,10.8,40.3,1.8,1017.1,0,0.0
2024-10-25,上海,4.8,59.6,6.3,1015.7,0,0.0
2024-10-25,广州,11.6,72.4,1.9,1014.5,0,0.0
2024-10-25,成都,6.8,58.2,0.7,1013.5,0,0.0
2024-10-25,哈尔滨,-8.6,41.4,2.9,1009.3,0,0.0
2024-10-26,北京,4.8,37.0,2.0,1006.1,0,0.0
2024-10-26,上海,6.9,76.0,2.5,1009.5,0,0.0
2024-10-26,广州,18.7,69.3,5.6,1013.7,0,0.0
2024-10-26,成都,9.8,65.0,0.2,1007.5,0,0.0
2024-10-26,哈尔滨,-3.6,69.7,3.6,1009.7,1,24.2
2024-10-27,北京,1.4,41.8,2.4,1017.8,0,0.0
2024-10-27,上海,6.8,60.7,1.3,1006.5,0,0.0
2024-10-27,广州,16.1,88.0,4.4,1010.9,1,24.7
2024-10-27,成都,7.0,69.5,5.1,1016.3,0,0.0
2024-10-27,哈尔滨,-7.8,46.6,3.7,1017.3,0,0.0
2024-10-28,北京,3.4,56.0,4.6,1011.3,0,0.0
2024-10-28,上海,7.2,68.2,4.0,1020.7,1,22.6
2024-10-28,广州,9.2,82.6,0.9,1005.9,1,7.3
2024-10-28,成都,5.0,75.6,1.9,1018.6,1,16.8
2024-10-28,哈尔滨,-4.4,62.1,3.0,1012.4,0,0.0
2024-10-29,北京,3.9,49.6,2.8,1012.9,0,0.0
2024-10-29,上海,11.6,63.6,4.5,1010.7,0,0.0
2024-10-29,广州,10.0,79.1,7.5,1000.7,0,0.0
2024-10-29,成都,10.7,64.6,2.6,1014.2,0,0.0
2024-10-29,哈尔滨,-6.1,64.0,0.8,1015.1,0,0.0
2024-10-30,北京,3.6,46.5,0.6,1007.0,0,0.0
2024-10-30,上海,4.6,47.6,1.6,1018.1,0,0.0
2024-10-30,广州,9.3,76.6,4.7,1026.5,0,0.0
2024-10-30,成都,6.6,68.3,2.7,1014.2,0,0.0
2024-10-30,哈尔滨,-7.1,69.6,1.8,1009.9,0,0.0
2024-10-31,北京,4.9,55.2,6.2,1008.2,0,0.0
2024-10-31,上海,10.2,48.0,2.9,1008.8,0,0.0
2024-10-31,广州,14.4,84.5,0.3,1008.7,1,3.2
2024-10-31,成都,6.9,61.9,2.1,1007.4,0,0.0
2024-10-31,哈尔滨,-4.2,69.5,4.7,1017.9,1,5.3
2024-11-01,北京,2.1,35.3,4.4,1015.8,0,0.0
2024-11-01,上海,9.7,84.4,5.1,1008.1,1,6.4
2024-11-01,广州,5.6,78.2,3.6,1014.9,1,18.1
2024-11-01,成都,9.9,78.3,5.4,1004.7,0,0.0
2024-11-01,哈尔滨,-9.5,51.5,1.3,1018.5,0,0.0
2024-11-02,北京,-1.4,59.7,0.3,1009.3,0,0.0
2024-11-02,上海,6.0,69.9,3.6,1014.1,0,0.0
2024-11-02,广州,16.4,68.6,4.1,1016.2,0,0.0
2024-11-02,成都,9.6,66.3,3.5,1013.0,0,0.0
2024-11-02,哈尔滨,-1.4,37.1,2.4,1017.3,0,0.0
2024-11-03,北京,2.6,38.4,2.1,1010.9,0,0.0
2024-11-03,上海,2.4,62.4,5.2,1022.4,0,0.0
2024-11-03,广州,8.3,75.0,2.3,1011.3,0,0.0
2024-11-03,成都,7.1,55.2,2.0,1010.5,0,0.0
2024-11-03,哈尔滨,0.9,83.8,2.5,1007.5,0,0.0
2024-11-04,北京,-3.3,50.5,0.0,1022.9,0,0.0
2024-11-04,上海,6.4,58.9,2.7,1003.9,0,0.0
2024-11-04,广州,17.1,81.5,3.7,1018.2,1,24.6
2024-11-04,成都,2.3,53.6,4.9,1012.6,0,0.0
2024-11-04,哈尔滨,-10.6,32.6,3.1,1008.0,0,0.0
2024-11-05,北京,0.3,65.1,4.0,1022.3,0,0.0
2024-11-05,上海,8.6,77.2,0.6,1008.6,0,0.0
2024-11-05,广州,10.4,64.3,3.4,1015.3,0,0.0
2024-11-05,成都,4.8,75.4,3.5,1021.1,0,0.0
2024-11-05,哈尔滨,-1.9,60.9,1.0,1009.6,0,0.0
2024-11-06,北京,5.5,69.6,0.4,1017.2,0,0.0
2024-11-06,上海,11.7,80.3,3.2,1014.5,0,0.0
2024-11-06,广州,8.7,64.1,5.1,1011.7,0,0.0
2024-11-06,成都,7.2,71.6,0.7,1013.5,0,0.0
2024-11-06,哈尔滨,-8.6,52.1,2.0,1004.7,0,0.0
2024-11-07,北京,1.9,30.3,2.3,1009.7,0,0.0
2024-11-07,上海,3.9,68.7,4.5,1015.9,0,0.0
2024-11-07,广州,10.2,74.9,1.2,1010.1,1,18.6
2024-11-07,成都,5.4,63.9,0.9,1013.7,0,0.0
2024-11-07,哈尔滨,-8.4,58.0,6.0,1017.3,0,0.0
2024-11-08,北京,2.9,66.8,4.9,1013.8,0,0.0
2024-11-08,上海,6.0,54.3,1.0,1012.2,0,0.0
2024-11-08,广州,11.1,70.0,3.1,1000.0,0,0.0
2024-11-08,成都,6.4,82.3,3.8,1018.8,0,0.0
2024-11-08,哈尔滨,-6.2,63.7,3.2,1015.9,0,0.0
2024-11-09,北京,1.0,47.9,4.8,1012.3,0,0.0
2024-11-09,上海,1.5,62.1,3.0,1013.0,0,0.0
2024-11-09,广州,14.0,71.0,3.5,1005.8,0,0.0
2024-11-09,成都,0.4,62.8,1.3,1010.9,0,0.0
2024-11-09,哈尔滨,-9.5,58.4,5.3,1018.4,0,0.0
2024-11-10,北京,1.3,57.8,4.9,1002.1,0,0.0
2024-11-10,上海,5.0,74.2,4.4,1018.0,1,6.4
2024-11-10,广州,5.6,89.6,2.5,1014.2,1,10.6
2024-11-10,成都,3.1,58.4,5.2,1016.5,0,0.0
2024-11-10,哈尔滨,-8.3,53.8,1.5,1018.3,0,0.0
2024-11-11,北京,-2.3,43.6,5.7,1025.8,0,0.0
2024-11-11,上海,8.2,67.2,3.7,1014.2,1,13.7
2024-11-11,广州,14.1,80.8,2.1,1016.4,1,21.7
2024-11-11,成都,4.3,71.4,0.2,1022.2,1,2.6
2024-11-11,哈尔滨,-6.1,57.2,2.8,1008.8,0,0.0
2024-11-12,北京,-3.6,50.8,2.1,1003.5,0,0.0
2024-11-12,上海,-0.9,51.7,4.7,1023.6,0,0.0
2024-11-12,广州,7.3,88.6,4.8,1011.8,1,21.2
2024-11-12,成都,2.5,70.8,4.8,1013.4,1,3.2
2024-11-12,哈尔滨,-11.5,71.3,5.3,1015.6,0,0.0
2024-11-13,北京,-0.7,42.7,1.2,1008.1,0,0.0
2024-11-13,上海,9.3,63.5,1.8,1012.9,0,0.0
2024-11-13,广州,15.7,67.6,3.5,1009.1,0,0.0
2024-11-13,成都,6.8,66.7,2.7,1015.0,1,18.2
2024-11-13,哈尔滨,-6.4,58.0,5.3,1015.9,0,0.0
2024-11-14,北京,-6.4,50.9,4.5,1011.8,0,0.0
2024-11-14,上海,3.3,53.7,2.3,1011.3,0,0.0
2024-11-14,广州,8.8,65.3,0.5,1005.7,0,0.0
2024-11-14,成都,2.7,54.8,3.0,1009.3,0,0.0
2024-11-14,哈尔滨,-2.9,54.3,4.3,1008.8,0,0.0
2024-11-15,北京,-6.5,33.9,1.6,1003.8,0,0.0
2024-11-15,上海,3.8,68.9,4.0,1007.9,0,0.0
2024-11-15,广州,7.0,79.6,2.5,1014.8,0,0.0
2024-11-15,成都,3.6,82.4,3.1,1010.5,1,7.3
2024-11-15,哈尔滨,-7.3,75.9,2.0,1011.5,1,23.3
2024-11-16,北京,-4.0,35.4,4.6,1014.2,0,0.0
2024-11-16,上海,0.7,65.7,2.0,1010.0,0,0.0
2024-11-16,广州,15.8,75.7,3.5,1017.3,1,12.3
2024-11-16,成都,6.6,76.1,3.4,1015.1,1,3.9
2024-11-16,哈尔滨,-9.7,54.0,2.0,1015.6,0,0.0
2024-11-17,北京,1.6,66.6,4.3,1016.4,0,0.0
2024-11-17,上海,4.8,72.9,1.7,1014.9,0,0.0
2024-11-17,广州,9.9,81.1,4.5,1014.3,0,0.0
2024-11-17,成都,4.8,66.6,3.5,1018.4,0,0.0
2024-11-17,哈尔滨,-9.0,70.4,0.4,1010.2,0,0.0
2024-11-18,北京,-3.1,65.2,4.3,1009.0,0,0.0
2024-11-18,上海,4.8,56.7,3.6,1014.5,1,3.9
2024-11-18,广州,4.1,75.0,3.2,1020.5,1,24.4
2024-11-18,成都,2.9,59.4,2.6,1018.6,0,0.0
2024-11-18,哈尔滨,-8.8,65.8,1.9,1012.7,0,0.0
2024-11-19,北京,5.4,25.8,3.0,1022.3,0,0.0
2024-11-19,上海,1.6,47.5,2.5,1007.4,0,0.0
2024-11-19,广州,13.1,74.4,2.3,1010.3,1,1.0
2024-11-19,成都,9.9,68.6,1.1,1016.1,1,1.3
2024-11-19,哈尔滨,-11.1,64.7,2.3,1010.3,0,0.0
2024-11-20,北京,-4.6,51.6,2.2,1009.7,0,0.0
2024-11-20,上海,2.4,74.1,1.9,1015.2,1,1.0
2024-11-20,广州,13.6,80.3,3.4,1018.5,0,0.0
2024-11-20,成都,4.5,73.8,4.4,1011.5,1,2.4
2024-11-20,哈尔滨,-5.3,61.1,3.9,1009.6,0,0.0
2024-11-21,北京,-4.6,63.3,1.6,1012.1,0,0.0
2024-11-21,上海,3.5,74.5,3.6,1011.3,0,0.0
2024-11-21,广州,11.7,84.1,4.9,1009.2,1,17.6
2024-11-21,成都,3.9,68.2,1.7,1011.7,0,0.0
2024-11-21,哈尔滨,-7.2,59.6,2.9,1011.5,1,13.8
2024-11-22,北京,-1.4,70.5,5.0,1004.3,0,0.0
2024-11-22,上海,5.3,58.3,2.3,1002.2,1,10.5
2024-11-22,广州,11.9,70.0,5.0,1013.9,0,0.0
2024-11-22,成都,3.3,72.2,0.6,1009.4,0,0.0
2024-11-22,哈尔滨,-9.5,50.0,1.8,1003.7,0,0.0
2024-11-23,北京,1.1,64.4,1.1,1018.8,0,0.0
2024-11-23,上海,2.3,71.3,3.6,1016.0,0,0.0
2024-11-23,广州,12.4,62.8,0.7,1015.2,0,0.0
2024-11-23,成都,1.9,76.7,2.5,1006.9,1,1.1
2024-11-23,哈尔滨,-9.4,62.8,4.9,1021.3,0,0.0
2024-11-24,北京,-2.2,67.5,2.3,1010.0,0,0.0
2024-11-24,上海,2.3,64.9,1.8,1018.6,0,0.0
2024-11-24,广州,12.5,82.8,0.7,1010.6,1,15.3
2024-11-24,成都,2.0,73.1,4.1,1004.5,1,24.1
2024-11-24,哈尔滨,-6.0,83.9,1.0,1009.8,0,0.0
2024-11-25,北京,-1.4,45.3,3.0,1008.1,0,0.0
2024-11-25,上海,5.3,54.7,0.4,1010.1,0,0.0
2024-11-25,广州,7.9,88.1,3.9,1005.2,1,5.8
2024-11-25,成都,1.9,60.5,3.5,1011.7,1,4.6
2024-11-25,哈尔滨,-8.4,55.1,0.6,1013.5,0,0.0
2024-11-26,北京,0.0,50.8,3.7,1017.5,0,0.0
2024-11-26,上海,3.3,66.6,3.1,1023.9,0,0.0
2024-11-26,广州,11.2,82.2,2.6,1004.0,1,9.4
2024-11-26,成都,7.8,72.4,3.2,1005.8,1,6.2
2024-11-26,哈尔滨,-8.3,62.8,2.8,1012.4,0,0.0
2024-11-27,北京,-0.5,48.8,2.9,1008.5,0,0.0
2024-11-27,上海,3.1,75.9,1.5,1010.9,1,8.3
2024-11-27,广州,8.7,77.8,2.2,1006.4,1,20.6
2024-11-27,成都,4.1,75.1,0.2,1012.3,1,22.8
2024-11-27,哈尔滨,-6.7,61.6,4.3,1018.8,1,22.0
2024-11-28,北京,-6.6,63.8,3.3,1010.8,1,2.8
2024-11-28,上海,8.1,79.9,1.7,1018.4,1,23.1
2024-11-28,广州,13.6,64.7,2.3,1011.1,0,0.0
2024-11-28,成都,-1.6,61.2,4.3,1019.0,0,0.0
2024-11-28,哈尔滨,-8.8,51.6,5.7,1019.8,0,0.0
2024-11-29,北京,2.9,42.5,2.9,1011.1,0,0.0
2024-11-29,上海,3.5,62.7,2.3,1009.4,0,0.0
2024-11-29,广州,7.0,57.7,2.4,1013.3,0,0.0
2024-11-29,成都,4.3,68.0,7.1,1021.7,1,9.6
2024-11-29,哈尔滨,-11.4,69.5,2.5,1008.2,0,0.0
2024-11-30,北京,-4.8,65.6,2.4,1009.9,0,0.0
2024-11-30,上海,-1.8,65.2,0.3,1011.1,0,0.0
2024-11-30,广州,5.1,69.9,1.0,1009.4,0,0.0
2024-11-30,成都,1.2,63.0,7.8,1013.3,1,14.0
2024-11-30,哈尔滨,-3.6,54.1,4.3,1014.7,0,0.0
2024-12-01,北京,1.5,36.3,2.8,1015.7,0,0.0
2024-12-01,上海,8.3,61.1,3.1,1022.4,1,3.4
2024-12-01,广州,12.3,71.3,2.8,1013.8,0,0.0
2024-12-01,成都,-1.5,81.2,2.7,1011.3,0,0.0
2024-12-01,哈尔滨,-9.7,58.2,2.6,1014.5,1,14.2
2024-12-02,北京,-1.6,44.8,4.0,1020.5,0,0.0
2024-12-02,上海,0.9,57.0,1.8,1015.4,0,0.0
2024-12-02,广州,6.9,67.3,4.7,1021.6,1,18.8
2024-12-02,成都,1.3,70.0,4.1,1006.4,0,0.0
2024-12-02,哈尔滨,-15.6,53.7,4.5,1010.1,0,0.0
2024-12-03,北京,-3.9,52.7,4.8,1012.0,0,0.0
2024-12-03,上海,3.1,69.9,2.2,1010.6,1,18.6
2024-12-03,广州,2.3,68.0,3.7,1007.9,1,16.0
2024-12-03,成都,2.5,64.7,3.7,1006.2,1,2.7
2024-12-03,哈尔滨,-6.8,66.4,3.2,1012.0,1,13.5
2024-12-04,北京,1.3,55.4,3.1,1008.7,0,0.0
2024-12-04,上海,1.1,63.0,2.5,1026.6,0,0.0
2024-12-04,广州,2.7,68.1,4.3,1014.2,0,0.0
2024-12-04,成都,4.4,70.5,2.7,1017.9,1,18.8
2024-12-04,哈尔滨,-11.7,33.3,2.8,1010.8,0,0.0
2024-12-05,北京,-2.6,45.4,3.3,1010.3,0,0.0
2024-12-05,上海,-1.5,74.0,3.7,1009.7,1,11.6
2024-12-05,广州,8.5,72.1,2.4,1002.8,0,0.0
2024-12-05,成都,-1.4,55.9,5.0,1023.9,0,0.0
2024-12-05,哈尔滨,-11.1,45.6,4.2,1011.1,0,0.0
2024-12-06,北京,-4.1,58.0,4.0,1008.8,0,0.0
2024-12-06,上海,1.9,55.2,3.5,1019.6,1,3.8
2024-12-06,广州,5.0,66.6,3.3,1010.4,0,0.0
2024-12-06,成都,-6.1,62.3,3.1,1010.9,1,7.8
2024-12-06,哈尔滨,-9.0,57.6,2.7,1017.7,1,4.5
2024-12-07,北京,-2.3,42.3,1.9,1013.6,0,0.0
2024-12-07,上海,0.4,60.5,4.4,1017.6,1,21.5
2024-12-07,广州,2.6,86.5,3.7,1011.7,1,21.1
2024-12-07,成都,4.1,67.1,2.3,1007.6,1,21.9
2024-12-07,哈尔滨,-12.4,47.3,1.5,1006.5,0,0.0
2024-12-08,北京,-2.5,48.9,3.7,1009.7,0,0.0
2024-12-08,上海,0.4,67.3,1.7,1016.6,1,11.6
2024-12-08,广州,3.3,58.2,2.4,1013.5,0,0.0
2024-12-08,成都,7.2,58.8,3.1,1009.7,0,0.0
2024-12-08,哈尔滨,-14.8,90.6,0.7,1013.7,1,7.0
2024-12-09,北京,-1.0,51.4,0.9,1014.3,0,0.0
2024-12-09,上海,5.2,67.7,0.4,1021.0,0,0.0
2024-12-09,广州,4.2,79.8,5.8,1016.4,0,0.0
2024-12-09,成都,0.3,62.7,2.6,1011.4,1,10.1
2024-12-09,哈尔滨,-12.2,75.1,4.3,1008.6,0,0.0
2024-12-10,北京,-3.1,68.8,5.7,1018.9,1,18.8
2024-12-10,上海,2.6,73.0,1.5,1015.8,0,0.0
2024-12-10,广州,9.7,88.1,1.6,1019.1,1,0.2
2024-12-10,成都,2.0,56.8,5.0,1016.5,0,0.0
2024-12-10,哈尔滨,-14.7,86.2,5.3,1009.9,0,0.0
2024-12-11,北京,-3.5,55.2,2.2,1013.7,0,0.0
2024-12-11,上海,7.2,82.3,1.5,1016.4,1,11.3
2024-12-11,广州,7.9,70.5,0.8,1017.1,1,5.5
2024-12-11,成都,4.3,68.6,2.1,1012.1,0,0.0
2024-12-11,哈尔滨,-15.1,80.1,4.9,1011.8,1,20.3
2024-12-12,北京,3.5,52.2,0.0,1012.9,0,0.0
2024-12-12,上海,-0.8,56.1,1.8,1015.5,0,0.0
2024-12-12,广州,2.1,72.5,3.7,1015.0,1,4.4
2024-12-12,成都,-2.0,63.0,0.9,1019.5,0,0.0
2024-12-12,哈尔滨,-13.1,63.1,0.5,1005.2,0,0.0
2024-12-13,北京,2.5,49.5,4.7,1017.4,0,0.0
2024-12-13,上海,-1.9,71.2,3.0,1001.6,1,11.1
2024-12-13,广州,6.4,73.7,2.6,1018.1,1,11.4
2024-12-13,成都,-0.4,74.5,2.2,1013.5,0,0.0
2024-12-13,哈尔滨,-8.2,54.7,4.0,1006.0,0,0.0
2024-12-14,北京,-0.0,50.5,3.2,1017.0,0,0.0
2024-12-14,上海,0.6,84.0,3.4,1008.0,1,22.5
2024-12-14,广州,6.6,75.9,3.8,1017.0,0,0.0
2024-12-14,成都,2.8,57.8,1.1,1023.9,0,0.0
2024-12-14,哈尔滨,-10.5,86.9,3.8,1019.7,0,0.0
2024-12-15,北京,-1.7,37.5,4.5,1018.1,0,0.0
2024-12-15,上海,4.0,84.2,1.4,1012.4,1,20.0
2024-12-15,广州,2.8,74.6,3.6,1003.6,0,0.0
2024-12-15,成都,0.8,82.7,4.0,1011.9,1,10.9
2024-12-15,哈尔滨,-13.7,50.3,5.3,1014.4,0,0.0
2024-12-16,北京,-0.4,54.7,3.0,1010.4,0,0.0
2024-12-16,上海,-0.9,58.1,3.2,1023.7,0,0.0
2024-12-16,广州,4.8,73.3,3.5,1004.4,0,0.0
2024-12-16,成都,-0.3,63.2,4.9,1010.2,0,0.0
2024-12-16,哈尔滨,-12.2,57.8,1.0,1014.7,1,7.1
2024-12-17,北京,-1.9,47.3,1.6,1013.2,0,0.0
2024-12-17,上海,-1.7,72.4,3.6,1013.3,0,0.0
2024-12-17,广州,11.1,82.0,2.1,1016.1,0,0.0
2024-12-17,成都,1.7,64.1,3.9,1013.2,0,0.0
2024-12-17,哈尔滨,-11.6,58.4,7.7,1010.6,0,0.0
2024-12-18,北京,-5.8,41.7,4.3,1019.9,0,0.0
2024-12-18,上海,1.3,67.3,4.8,1013.9,1,21.7
2024-12-18,广州,8.6,79.6,2.5,1016.1,0,0.0
2024-12-18,成都,3.2,67.1,0.7,1014.4,0,0.0
2024-12-18,哈尔滨,-13.4,57.3,2.9,1007.2,0,0.0
2024-12-19,北京,-4.6,53.9,4.1,1019.7,0,0.0
2024-12-19,上海,0.4,74.8,0.8,1008.7,1,19.9
2024-12-19,广州,10.3,71.7,4.2,1009.5,0,0.0
2024-12-19,成都,2.7,57.2,1.8,1009.7,0,0.0
2024-12-19,哈尔滨,-14.0,70.1,3.8,1014.2,1,12.8
2024-12-20,北京,-5.1,45.7,4.0,1006.6,0,0.0
2024-12-20,上海,0.6,67.0,3.6,1017.0,0,0.0
2024-12-20,广州,6.3,78.0,2.2,1009.0,0,0.0
2024-12-20,成都,2.9,76.1,4.3,1013.3,1,19.9
2024-12-20,哈尔滨,-7.9,52.4,1.5,1017.5,0,0.0
2024-12-21,北京,-1.1,54.9,0.6,1006.5,0,0.0
2024-12-21,上海,6.7,74.6,0.8,1017.0,1,8.0
2024-12-21,广州,8.8,92.0,1.6,1013.1,1,3.1
2024-12-21,成都,2.3,77.8,1.5,1017.4,1,16.1
2024-12-21,哈尔滨,-5.5,36.6,4.0,1010.8,0,0.0
2024-12-22,北京,-8.2,62.2,3.4,1012.3,0,0.0
2024-12-22,上海,2.2,66.9,3.8,1005.4,1,18.8
2024-12-22,广州,3.9,82.5,2.2,1019.3,1,17.4
2024-12-22,成都,-4.6,75.5,3.7,1012.5,1,15.4
2024-12-22,哈尔滨,-10.1,60.6,3.7,1013.2,0,0.0
2024-12-23,北京,-4.2,40.1,3.5,1015.9,0,0.0
2024-12-23,上海,-3.4,80.8,6.5,1012.2,0,0.0
2024-12-23,广州,6.7,92.5,5.8,1020.8,1,8.2
2024-12-23,成都,-3.1,58.1,2.9,1016.0,1,11.5
2024-12-23,哈尔滨,-6.8,74.2,3.1,1002.5,0,0.0
2024-12-24,北京,-5.8,55.6,4.3,1017.3,0,0.0
2024-12-24,上海,-3.3,41.8,1.9,1020.3,0,0.0
2024-12-24,广州,6.8,83.4,4.7,1016.2,0,0.0
2024-12-24,成都,-1.6,56.3,3.2,1014.9,0,0.0
2024-12-24,哈尔滨,-10.5,60.6,3.6,1022.0,1,2.6
2024-12-25,北京,-1.9,62.9,0.1,1011.3,0,0.0
2024-12-25,上海,-0.2,75.2,4.0,1017.9,0,0.0
2024-12-25,广州,7.6,84.3,6.0,1011.4,1,19.5
2024-12-25,成都,2.0,77.5,3.7,1016.7,0,0.0
2024-12-25,哈尔滨,-11.9,55.5,4.8,1007.2,0,0.0
2024-12-26,北京,-1.4,46.0,5.2,1014.3,0,0.0
2024-12-26,上海,0.4,87.8,4.4,1015.7,1,12.6
2024-12-26,广州,6.1,74.8,2.9,1015.2,0,0.0
2024-12-26,成都,0.7,59.6,2.6,1017.9,0,0.0
2024-12-26,哈尔滨,-14.4,57.8,0.9,1016.1,0,0.0
2024-12-27,北京,-0.8,48.2,3.4,1013.4,0,0.0
2024-12-27,上海,2.4,66.9,3.3,1019.9,0,0.0
2024-12-27,广州,6.0,77.9,2.7,1002.8,1,5.1
2024-12-27,成都,1.7,61.0,2.5,1019.5,0,0.0
2024-12-27,哈尔滨,-7.9,66.6,2.5,1007.6,1,22.7
2024-12-28,北京,-2.7,58.7,3.9,1014.4,0,0.0
2024-12-28,上海,1.5,66.2,1.7,1013.7,1,6.6
2024-12-28,广州,11.2,82.0,4.2,1007.6,0,0.0
2024-12-28,成都,-1.9,64.2,3.0,1015.4,0,0.0
2024-12-28,哈尔滨,-19.2,47.5,3.9,1007.8,0,0.0
2024-12-29,北京,-2.0,53.5,2.2,1020.7,0,0.0
2024-12-29,上海,0.3,34.9,2.9,1018.8,0,0.0
2024-12-29,广州,10.0,75.8,2.2,1002.8,0,0.0
2024-12-29,成都,5.2,53.1,2.4,1011.6,0,0.0
2024-12-29,哈尔滨,-10.9,58.0,5.9,1011.7,0,0.0
2024-12-30,北京,-0.6,59.1,3.1,1021.2,0,0.0
2024-12-30,上海,-1.9,77.8,4.3,1024.7,0,0.0
2024-12-30,广州,13.2,70.6,1.6,1003.3,0,0.0
2024-12-30,成都,4.8,66.8,2.8,1020.5,0,0.0
2024-12-30,哈尔滨,-13.2,66.6,4.3,1012.8,1,13.0
